Date,Day,DTE,Expiry.Day,Time,Future,ce_scrip,ce_price,ce_sl,ce_sl_time,ce_pnl,ce_scrip_1,ce_price_1,ce_decay_1,ce_decay_time_1,ce_sl_hit_1,ce_sl_time_1,ce_pnl_1,ce_scrip_2,ce_price_2,ce_decay_2,ce_decay_time_2,ce_sl_hit_2,ce_sl_time_2,ce_pnl_2,pe_scrip,pe_price,pe_sl,pe_sl_time,pe_pnl,pe_scrip_1,pe_pripe_1,pe_decay_1,pe_decay_time_1,pe_sl_hit_1,pe_sl_time_1,pe_pnl_1,pe_scrip_2,pe_pripe_2,pe_decay_2,pe_decay_time_2,pe_sl_hit_2,pe_sl_time_2,pe_pnl_2,Total PNL
2024-01-04,Thursday,"                  Day  BANKNIFTY  NIFTY  FINNIFTY  MIDCPNIFTY  SENSEX  BANKEX
Date                                                                         
2017-01-02     Monday          4    NaN       NaN         NaN     NaN     NaN
2017-01-03    Tuesday          3    NaN       NaN         NaN     NaN     NaN
2017-01-04  Wednesday          2    NaN       NaN         NaN     NaN     NaN
2017-01-05   Thursday          1    NaN       NaN         NaN     NaN     NaN
2017-01-06     Friday          5    NaN       NaN         NaN     NaN     NaN
...               ...        ...    ...       ...         ...     ...     ...
2025-12-24  Wednesday          1    1.0       1.0         1.0     4.0     4.0
2025-12-26     Friday         33    5.0      33.0        33.0     3.0     3.0
2025-12-29     Monday         32    4.0      32.0        32.0     2.0     2.0
2025-12-30    Tuesday         31    3.0      31.0        31.0     1.0     1.0
2025-12-31  Wednesday         30    2.0      30.0        30.0     5.0    28.0

[2220 rows x 7 columns]",FALSE,09:46:00,71703.02,71800CE,199.55,True,10:14:00,-22.45,71800CE,212.8,True,14:27:00,True,14:31:00,-21.55,71900CE,150.45,True,14:33:00,True,14:42:00,-15.23,71700PE,220.0,True,09:52:00,-24.75,71600PE,190.5,True,09:53:00,False,,135.51,,,False,,False,,0.0,51.52999999999999
2024-01-11,Thursday,"                  Day  BANKNIFTY  NIFTY  FINNIFTY  MIDCPNIFTY  SENSEX  BANKEX
Date                                                                         
2017-01-02     Monday          4    NaN       NaN         NaN     NaN     NaN
2017-01-03    Tuesday          3    NaN       NaN         NaN     NaN     NaN
2017-01-04  Wednesday          2    NaN       NaN         NaN     NaN     NaN
2017-01-05   Thursday          1    NaN       NaN         NaN     NaN     NaN
2017-01-06     Friday          5    NaN       NaN         NaN     NaN     NaN
...               ...        ...    ...       ...         ...     ...     ...
2025-12-24  Wednesday          1    1.0       1.0         1.0     4.0     4.0
2025-12-26     Friday         33    5.0      33.0        33.0     3.0     3.0
2025-12-29     Monday         32    4.0      32.0        32.0     2.0     2.0
2025-12-30    Tuesday         31    3.0      31.0        31.0     1.0     1.0
2025-12-31  Wednesday         30    2.0      30.0        30.0     5.0    28.0

[2220 rows x 7 columns]",FALSE,09:46:00,71870.23,72000CE,195.3,False,,95.71,,,False,,False,,0.0,,,False,,False,,0.0,71800PE,206.1,True,09:54:00,-23.19,71800PE,233.1,True,10:15:00,True,10:20:00,-23.6,71700PE,189.25,True,10:35:00,True,10:54:00,-19.16,29.75999999999999
2024-01-18,Thursday,"                  Day  BANKNIFTY  NIFTY  FINNIFTY  MIDCPNIFTY  SENSEX  BANKEX
Date                                                                         
2017-01-02     Monday          4    NaN       NaN         NaN     NaN     NaN
2017-01-03    Tuesday          3    NaN       NaN         NaN     NaN     NaN
2017-01-04  Wednesday          2    NaN       NaN         NaN     NaN     NaN
2017-01-05   Thursday          1    NaN       NaN         NaN     NaN     NaN
2017-01-06     Friday          5    NaN       NaN         NaN     NaN     NaN
...               ...        ...    ...       ...         ...     ...     ...
2025-12-24  Wednesday          1    1.0       1.0         1.0     4.0     4.0
2025-12-26     Friday         33    5.0      33.0        33.0     3.0     3.0
2025-12-29     Monday         32    4.0      32.0        32.0     2.0     2.0
2025-12-30    Tuesday         31    3.0      31.0        31.0     1.0     1.0
2025-12-31  Wednesday         30    2.0      30.0        30.0     5.0    28.0

[2220 rows x 7 columns]",FALSE,09:46:00,70882.28,71300CE,191.95,True,10:09:00,-21.59,71500CE,202.45,True,10:11:00,True,10:47:00,-20.5,71500CE,201.65,True,10:52:00,True,10:53:00,-20.42,70300PE,180.8,True,09:48:00,-20.34,70300PE,198.0,True,10:07:00,True,10:16:00,-20.05,70400PE,220.55,True,10:18:00,False,,155.46,52.56
2024-01-24,Wednesday,"                  Day  BANKNIFTY  NIFTY  FINNIFTY  MIDCPNIFTY  SENSEX  BANKEX
Date                                                                         
2017-01-02     Monday          4    NaN       NaN         NaN     NaN     NaN
2017-01-03    Tuesday          3    NaN       NaN         NaN     NaN     NaN
2017-01-04  Wednesday          2    NaN       NaN         NaN     NaN     NaN
2017-01-05   Thursday          1    NaN       NaN         NaN     NaN     NaN
2017-01-06     Friday          5    NaN       NaN         NaN     NaN     NaN
...               ...        ...    ...       ...         ...     ...     ...
2025-12-24  Wednesday          1    1.0       1.0         1.0     4.0     4.0
2025-12-26     Friday         33    5.0      33.0        33.0     3.0     3.0
2025-12-29     Monday         32    4.0      32.0        32.0     2.0     2.0
2025-12-30    Tuesday         31    3.0      31.0        31.0     1.0     1.0
2025-12-31  Wednesday         30    2.0      30.0        30.0     5.0    28.0

[2220 rows x 7 columns]",FALSE,09:46:00,70569.13,71100CE,177.9,True,09:55:00,-20.01,71100CE,195.05,True,11:25:00,True,14:30:00,-19.75,71200CE,180.2,True,14:32:00,True,14:34:00,-18.25,70200PE,192.0,True,09:49:00,-21.6,70100PE,171.25,True,09:55:00,True,10:11:00,-17.34,70200PE,194.9,True,10:12:00,True,10:13:00,-19.73,-116.68
2024-02-01,Thursday,"                  Day  BANKNIFTY  NIFTY  FINNIFTY  MIDCPNIFTY  SENSEX  BANKEX
Date                                                                         
2017-01-02     Monday          4    NaN       NaN         NaN     NaN     NaN
2017-01-03    Tuesday          3    NaN       NaN         NaN     NaN     NaN
2017-01-04  Wednesday          2    NaN       NaN         NaN     NaN     NaN
2017-01-05   Thursday          1    NaN       NaN         NaN     NaN     NaN
2017-01-06     Friday          5    NaN       NaN         NaN     NaN     NaN
...               ...        ...    ...       ...         ...     ...     ...
2025-12-24  Wednesday          1    1.0       1.0         1.0     4.0     4.0
2025-12-26     Friday         33    5.0      33.0        33.0     3.0     3.0
2025-12-29     Monday         32    4.0      32.0        32.0     2.0     2.0
2025-12-30    Tuesday         31    3.0      31.0        31.0     1.0     1.0
2025-12-31  Wednesday         30    2.0      30.0        30.0     5.0    28.0

[2220 rows x 7 columns]",FALSE,09:46:00,71844.25,72800CE,175.8,True,10:07:00,-19.78,72800CE,187.65,True,11:16:00,True,11:53:00,-19.0,72800CE,183.35,True,11:56:00,False,,150.6,71000PE,181.45,True,12:03:00,-20.41,71100PE,212.1,True,12:04:00,False,,112.35,,,False,,False,,0.0,203.76
2024-02-08,Thursday,"                  Day  BANKNIFTY  NIFTY  FINNIFTY  MIDCPNIFTY  SENSEX  BANKEX
Date                                                                         
2017-01-02     Monday          4    NaN       NaN         NaN     NaN     NaN
2017-01-03    Tuesday          3    NaN       NaN         NaN     NaN     NaN
2017-01-04  Wednesday          2    NaN       NaN         NaN     NaN     NaN
2017-01-05   Thursday          1    NaN       NaN         NaN     NaN     NaN
2017-01-06     Friday          5    NaN       NaN         NaN     NaN     NaN
...               ...        ...    ...       ...         ...     ...     ...
2025-12-24  Wednesday          1    1.0       1.0         1.0     4.0     4.0
2025-12-26     Friday         33    5.0      33.0        33.0     3.0     3.0
2025-12-29     Monday         32    4.0      32.0        32.0     2.0     2.0
2025-12-30    Tuesday         31    3.0      31.0        31.0     1.0     1.0
2025-12-31  Wednesday         30    2.0      30.0        30.0     5.0    28.0

[2220 rows x 7 columns]",FALSE,09:46:00,72239.05,72800CE,191.8,True,10:04:00,-21.58,72900CE,182.55,True,10:05:00,False,,148.14,,,False,,False,,0.0,71700PE,178.0,True,10:15:00,-20.03,71600PE,176.55,True,10:17:00,True,10:43:00,-17.88,71700PE,204.4,True,10:50:00,True,10:52:00,-20.7,67.94999999999999
2024-02-15,Thursday,"                  Day  BANKNIFTY  NIFTY  FINNIFTY  MIDCPNIFTY  SENSEX  BANKEX
Date                                                                         
2017-01-02     Monday          4    NaN       NaN         NaN     NaN     NaN
2017-01-03    Tuesday          3    NaN       NaN         NaN     NaN     NaN
2017-01-04  Wednesday          2    NaN       NaN         NaN     NaN     NaN
2017-01-05   Thursday          1    NaN       NaN         NaN     NaN     NaN
2017-01-06     Friday          5    NaN       NaN         NaN     NaN     NaN
...               ...        ...    ...       ...         ...     ...     ...
2025-12-24  Wednesday          1    1.0       1.0         1.0     4.0     4.0
2025-12-26     Friday         33    5.0      33.0        33.0     3.0     3.0
2025-12-29     Monday         32    4.0      32.0        32.0     2.0     2.0
2025-12-30    Tuesday         31    3.0      31.0        31.0     1.0     1.0
2025-12-31  Wednesday         30    2.0      30.0        30.0     5.0    28.0

[2220 rows x 7 columns]",FALSE,09:46:00,71761.77,72200CE,198.4,True,09:48:00,-22.32,72300CE,186.45,True,09:54:00,True,10:06:00,-18.88,72300CE,180.45,True,10:56:00,True,11:00:00,-18.27,71300PE,201.05,True,09:55:00,-22.62,71300PE,207.65,True,10:03:00,True,10:04:00,-21.02,71300PE,203.8,True,10:05:00,False,,126.88,23.769999999999996
2024-02-22,Thursday,"                  Day  BANKNIFTY  NIFTY  FINNIFTY  MIDCPNIFTY  SENSEX  BANKEX
Date                                                                         
2017-01-02     Monday          4    NaN       NaN         NaN     NaN     NaN
2017-01-03    Tuesday          3    NaN       NaN         NaN     NaN     NaN
2017-01-04  Wednesday          2    NaN       NaN         NaN     NaN     NaN
2017-01-05   Thursday          1    NaN       NaN         NaN     NaN     NaN
2017-01-06     Friday          5    NaN       NaN         NaN     NaN     NaN
...               ...        ...    ...       ...         ...     ...     ...
2025-12-24  Wednesday          1    1.0       1.0         1.0     4.0     4.0
2025-12-26     Friday         33    5.0      33.0        33.0     3.0     3.0
2025-12-29     Monday         32    4.0      32.0        32.0     2.0     2.0
2025-12-30    Tuesday         31    3.0      31.0        31.0     1.0     1.0
2025-12-31  Wednesday         30    2.0      30.0        30.0     5.0    28.0

[2220 rows x 7 columns]",FALSE,09:46:00,72659.92,73000CE,192.75,True,14:48:00,-21.68,73100CE,191.4,False,,False,,0.0,,,False,,False,,0.0,72300PE,206.1,True,09:50:00,-23.19,72200PE,184.7,True,13:39:00,False,,142.05,,,False,,False,,0.0,97.18
2024-02-29,Thursday,"                  Day  BANKNIFTY  NIFTY  FINNIFTY  MIDCPNIFTY  SENSEX  BANKEX
Date                                                                         
2017-01-02     Monday          4    NaN       NaN         NaN     NaN     NaN
2017-01-03    Tuesday          3    NaN       NaN         NaN     NaN     NaN
2017-01-04  Wednesday          2    NaN       NaN         NaN     NaN     NaN
2017-01-05   Thursday          1    NaN       NaN         NaN     NaN     NaN
2017-01-06     Friday          5    NaN       NaN         NaN     NaN     NaN
...               ...        ...    ...       ...         ...     ...     ...
2025-12-24  Wednesday          1    1.0       1.0         1.0     4.0     4.0
2025-12-26     Friday         33    5.0      33.0        33.0     3.0     3.0
2025-12-29     Monday         32    4.0      32.0        32.0     2.0     2.0
2025-12-30    Tuesday         31    3.0      31.0        31.0     1.0     1.0
2025-12-31  Wednesday         30    2.0      30.0        30.0     5.0    28.0

[2220 rows x 7 columns]",FALSE,09:46:00,72385.88,72900CE,185.95,True,09:47:00,-20.92,72900CE,194.25,True,10:08:00,True,10:09:00,-19.67,72900CE,190.45,True,10:10:00,True,11:14:00,-19.28,71800PE,178.4,True,10:08:00,-20.07,71900PE,210.45,True,11:08:00,True,12:30:00,-21.31,71900PE,182.45,True,12:34:00,False,,109.05,7.799999999999997
2024-03-06,Wednesday,"                  Day  BANKNIFTY  NIFTY  FINNIFTY  MIDCPNIFTY  SENSEX  BANKEX
Date                                                                         
2017-01-02     Monday          4    NaN       NaN         NaN     NaN     NaN
2017-01-03    Tuesday          3    NaN       NaN         NaN     NaN     NaN
2017-01-04  Wednesday          2    NaN       NaN         NaN     NaN     NaN
2017-01-05   Thursday          1    NaN       NaN         NaN     NaN     NaN
2017-01-06     Friday          5    NaN       NaN         NaN     NaN     NaN
...               ...        ...    ...       ...         ...     ...     ...
2025-12-24  Wednesday          1    1.0       1.0         1.0     4.0     4.0
2025-12-26     Friday         33    5.0      33.0        33.0     3.0     3.0
2025-12-29     Monday         32    4.0      32.0        32.0     2.0     2.0
2025-12-30    Tuesday         31    3.0      31.0        31.0     1.0     1.0
2025-12-31  Wednesday         30    2.0      30.0        30.0     5.0    28.0

[2220 rows x 7 columns]",FALSE,09:46:00,73718.57,74000CE,181.2,True,10:18:00,-20.39,74000CE,189.45,True,10:19:00,True,13:51:00,-19.18,74000CE,204.75,True,13:53:00,True,13:59:00,-20.73,73400PE,191.25,True,09:50:00,-21.52,73400PE,203.1,True,10:17:00,True,10:19:00,-20.56,73500PE,229.15,True,13:39:00,False,,146.56,44.18000000000001
2024-03-14,Thursday,"                  Day  BANKNIFTY  NIFTY  FINNIFTY  MIDCPNIFTY  SENSEX  BANKEX
Date                                                                         
2017-01-02     Monday          4    NaN       NaN         NaN     NaN     NaN
2017-01-03    Tuesday          3    NaN       NaN         NaN     NaN     NaN
2017-01-04  Wednesday          2    NaN       NaN         NaN     NaN     NaN
2017-01-05   Thursday          1    NaN       NaN         NaN     NaN     NaN
2017-01-06     Friday          5    NaN       NaN         NaN     NaN     NaN
...               ...        ...    ...       ...         ...     ...     ...
2025-12-24  Wednesday          1    1.0       1.0         1.0     4.0     4.0
2025-12-26     Friday         33    5.0      33.0        33.0     3.0     3.0
2025-12-29     Monday         32    4.0      32.0        32.0     2.0     2.0
2025-12-30    Tuesday         31    3.0      31.0        31.0     1.0     1.0
2025-12-31  Wednesday         30    2.0      30.0        30.0     5.0    28.0

[2220 rows x 7 columns]",FALSE,09:46:00,72714.96,73200CE,186.0,True,09:57:00,-20.92,73200CE,204.8,True,10:10:00,True,10:35:00,-20.74,73200CE,201.95,True,10:37:00,True,10:39:00,-20.45,72400PE,185.55,True,09:51:00,-20.87,72400PE,200.85,True,09:55:00,False,,142.01,,,False,,False,,0.0,59.02999999999999
2024-03-21,Thursday,"                  Day  BANKNIFTY  NIFTY  FINNIFTY  MIDCPNIFTY  SENSEX  BANKEX
Date                                                                         
2017-01-02     Monday          4    NaN       NaN         NaN     NaN     NaN
2017-01-03    Tuesday          3    NaN       NaN         NaN     NaN     NaN
2017-01-04  Wednesday          2    NaN       NaN         NaN     NaN     NaN
2017-01-05   Thursday          1    NaN       NaN         NaN     NaN     NaN
2017-01-06     Friday          5    NaN       NaN         NaN     NaN     NaN
...               ...        ...    ...       ...         ...     ...     ...
2025-12-24  Wednesday          1    1.0       1.0         1.0     4.0     4.0
2025-12-26     Friday         33    5.0      33.0        33.0     3.0     3.0
2025-12-29     Monday         32    4.0      32.0        32.0     2.0     2.0
2025-12-30    Tuesday         31    3.0      31.0        31.0     1.0     1.0
2025-12-31  Wednesday         30    2.0      30.0        30.0     5.0    28.0

[2220 rows x 7 columns]",FALSE,09:46:00,72650.56,72900CE,179.05,True,10:04:00,-20.14,72900CE,202.75,True,11:39:00,True,11:41:00,-20.53,72900CE,185.6,True,11:54:00,False,,20.65,72500PE,191.5,True,09:47:00,-21.54,72500PE,202.8,True,10:01:00,True,12:03:00,-20.53,72500PE,200.0,True,12:38:00,True,12:49:00,-20.25,-82.34
2024-03-27,Wednesday,"                  Day  BANKNIFTY  NIFTY  FINNIFTY  MIDCPNIFTY  SENSEX  BANKEX
Date                                                                         
2017-01-02     Monday          4    NaN       NaN         NaN     NaN     NaN
2017-01-03    Tuesday          3    NaN       NaN         NaN     NaN     NaN
2017-01-04  Wednesday          2    NaN       NaN         NaN     NaN     NaN
2017-01-05   Thursday          1    NaN       NaN         NaN     NaN     NaN
2017-01-06     Friday          5    NaN       NaN         NaN     NaN     NaN
...               ...        ...    ...       ...         ...     ...     ...
2025-12-24  Wednesday          1    1.0       1.0         1.0     4.0     4.0
2025-12-26     Friday         33    5.0      33.0        33.0     3.0     3.0
2025-12-29     Monday         32    4.0      32.0        32.0     2.0     2.0
2025-12-30    Tuesday         31    3.0      31.0        31.0     1.0     1.0
2025-12-31  Wednesday         30    2.0      30.0        30.0     5.0    28.0

[2220 rows x 7 columns]",FALSE,09:46:00,72824.91,73000CE,215.7,True,09:58:00,-24.27,73100CE,193.15,True,12:11:00,True,12:16:00,-19.56,73100CE,192.85,True,13:06:00,True,13:39:00,-19.53,72800PE,227.6,False,,132.05,,,False,,False,,0.0,,,False,,False,,0.0,68.69000000000001
2024-04-04,Thursday,"                  Day  BANKNIFTY  NIFTY  FINNIFTY  MIDCPNIFTY  SENSEX  BANKEX
Date                                                                         
2017-01-02     Monday          4    NaN       NaN         NaN     NaN     NaN
2017-01-03    Tuesday          3    NaN       NaN         NaN     NaN     NaN
2017-01-04  Wednesday          2    NaN       NaN         NaN     NaN     NaN
2017-01-05   Thursday          1    NaN       NaN         NaN     NaN     NaN
2017-01-06     Friday          5    NaN       NaN         NaN     NaN     NaN
...               ...        ...    ...       ...         ...     ...     ...
2025-12-24  Wednesday          1    1.0       1.0         1.0     4.0     4.0
2025-12-26     Friday         33    5.0      33.0        33.0     3.0     3.0
2025-12-29     Monday         32    4.0      32.0        32.0     2.0     2.0
2025-12-30    Tuesday         31    3.0      31.0        31.0     1.0     1.0
2025-12-31  Wednesday         30    2.0      30.0        30.0     5.0    28.0

[2220 rows x 7 columns]",FALSE,09:46:00,74015.99,74300CE,199.9,True,09:51:00,-22.49,74400CE,180.25,True,09:52:00,True,13:22:00,-18.25,74400CE,183.75,True,14:58:00,True,15:21:00,-18.6,73700PE,188.95,True,09:53:00,-21.26,73600PE,192.35,True,10:05:00,True,10:10:00,-19.48,73600PE,185.7,True,10:22:00,True,10:28:00,-18.8,-118.88
2024-04-10,Wednesday,"                  Day  BANKNIFTY  NIFTY  FINNIFTY  MIDCPNIFTY  SENSEX  BANKEX
Date                                                                         
2017-01-02     Monday          4    NaN       NaN         NaN     NaN     NaN
2017-01-03    Tuesday          3    NaN       NaN         NaN     NaN     NaN
2017-01-04  Wednesday          2    NaN       NaN         NaN     NaN     NaN
2017-01-05   Thursday          1    NaN       NaN         NaN     NaN     NaN
2017-01-06     Friday          5    NaN       NaN         NaN     NaN     NaN
...               ...        ...    ...       ...         ...     ...     ...
2025-12-24  Wednesday          1    1.0       1.0         1.0     4.0     4.0
2025-12-26     Friday         33    5.0      33.0        33.0     3.0     3.0
2025-12-29     Monday         32    4.0      32.0        32.0     2.0     2.0
2025-12-30    Tuesday         31    3.0      31.0        31.0     1.0     1.0
2025-12-31  Wednesday         30    2.0      30.0        30.0     5.0    28.0

[2220 rows x 7 columns]",FALSE,09:46:00,74947.3,75100CE,205.7,True,15:08:00,-23.14,75100CE,196.3,True,15:16:00,False,,5.51,,,False,,False,,0.0,74700PE,204.3,True,09:53:00,-22.98,74600PE,193.7,True,09:57:00,True,10:03:00,-19.61,74700PE,227.45,True,10:14:00,False,,71.45,11.229999999999997
2024-04-18,Thursday,"                  Day  BANKNIFTY  NIFTY  FINNIFTY  MIDCPNIFTY  SENSEX  BANKEX
Date                                                                         
2017-01-02     Monday          4    NaN       NaN         NaN     NaN     NaN
2017-01-03    Tuesday          3    NaN       NaN         NaN     NaN     NaN
2017-01-04  Wednesday          2    NaN       NaN         NaN     NaN     NaN
2017-01-05   Thursday          1    NaN       NaN         NaN     NaN     NaN
2017-01-06     Friday          5    NaN       NaN         NaN     NaN     NaN
...               ...        ...    ...       ...         ...     ...     ...
2025-12-24  Wednesday          1    1.0       1.0         1.0     4.0     4.0
2025-12-26     Friday         33    5.0      33.0        33.0     3.0     3.0
2025-12-29     Monday         32    4.0      32.0        32.0     2.0     2.0
2025-12-30    Tuesday         31    3.0      31.0        31.0     1.0     1.0
2025-12-31  Wednesday         30    2.0      30.0        30.0     5.0    28.0

[2220 rows x 7 columns]",FALSE,09:46:00,72990.26,73300CE,184.25,True,09:57:00,-20.73,73300CE,192.35,True,10:07:00,True,10:09:00,-19.48,73300CE,188.1,True,10:14:00,True,10:37:00,-19.05,72700PE,178.15,True,10:20:00,-20.04,72600PE,174.15,True,10:30:00,True,10:31:00,-17.63,72700PE,192.4,True,10:34:00,True,13:27:00,-19.48,-116.41000000000001
2024-04-25,Thursday,"                  Day  BANKNIFTY  NIFTY  FINNIFTY  MIDCPNIFTY  SENSEX  BANKEX
Date                                                                         
2017-01-02     Monday          4    NaN       NaN         NaN     NaN     NaN
2017-01-03    Tuesday          3    NaN       NaN         NaN     NaN     NaN
2017-01-04  Wednesday          2    NaN       NaN         NaN     NaN     NaN
2017-01-05   Thursday          1    NaN       NaN         NaN     NaN     NaN
2017-01-06     Friday          5    NaN       NaN         NaN     NaN     NaN
...               ...        ...    ...       ...         ...     ...     ...
2025-12-24  Wednesday          1    1.0       1.0         1.0     4.0     4.0
2025-12-26     Friday         33    5.0      33.0        33.0     3.0     3.0
2025-12-29     Monday         32    4.0      32.0        32.0     2.0     2.0
2025-12-30    Tuesday         31    3.0      31.0        31.0     1.0     1.0
2025-12-31  Wednesday         30    2.0      30.0        30.0     5.0    28.0

[2220 rows x 7 columns]",FALSE,09:46:00,73864.95,74100CE,210.8,True,10:12:00,-23.72,74200CE,191.85,True,10:50:00,True,11:07:00,-19.42,74200CE,190.5,True,11:21:00,True,11:40:00,-19.29,73700PE,202.65,True,09:50:00,-22.8,73600PE,184.65,True,09:54:00,True,10:51:00,-18.7,73700PE,199.05,True,11:07:00,True,11:21:00,-20.15,-124.08
2024-05-02,Thursday,"                  Day  BANKNIFTY  NIFTY  FINNIFTY  MIDCPNIFTY  SENSEX  BANKEX
Date                                                                         
2017-01-02     Monday          4    NaN       NaN         NaN     NaN     NaN
2017-01-03    Tuesday          3    NaN       NaN         NaN     NaN     NaN
2017-01-04  Wednesday          2    NaN       NaN         NaN     NaN     NaN
2017-01-05   Thursday          1    NaN       NaN         NaN     NaN     NaN
2017-01-06     Friday          5    NaN       NaN         NaN     NaN     NaN
...               ...        ...    ...       ...         ...     ...     ...
2025-12-24  Wednesday          1    1.0       1.0         1.0     4.0     4.0
2025-12-26     Friday         33    5.0      33.0        33.0     3.0     3.0
2025-12-29     Monday         32    4.0      32.0        32.0     2.0     2.0
2025-12-30    Tuesday         31    3.0      31.0        31.0     1.0     1.0
2025-12-31  Wednesday         30    2.0      30.0        30.0     5.0    28.0

[2220 rows x 7 columns]",FALSE,09:46:00,74712.55,75000CE,202.75,True,10:07:00,-22.81,75100CE,182.3,True,10:15:00,True,10:31:00,-18.46,75100CE,180.45,True,10:35:00,False,,90.92,74400PE,193.6,True,09:48:00,-21.78,74300PE,174.15,True,10:04:00,True,11:18:00,-17.63,74400PE,200.55,True,11:28:00,False,,51.99,62.23000000000001
2024-05-09,Thursday,"                  Day  BANKNIFTY  NIFTY  FINNIFTY  MIDCPNIFTY  SENSEX  BANKEX
Date                                                                         
2017-01-02     Monday          4    NaN       NaN         NaN     NaN     NaN
2017-01-03    Tuesday          3    NaN       NaN         NaN     NaN     NaN
2017-01-04  Wednesday          2    NaN       NaN         NaN     NaN     NaN
2017-01-05   Thursday          1    NaN       NaN         NaN     NaN     NaN
2017-01-06     Friday          5    NaN       NaN         NaN     NaN     NaN
...               ...        ...    ...       ...         ...     ...     ...
2025-12-24  Wednesday          1    1.0       1.0         1.0     4.0     4.0
2025-12-26     Friday         33    5.0      33.0        33.0     3.0     3.0
2025-12-29     Monday         32    4.0      32.0        32.0     2.0     2.0
2025-12-30    Tuesday         31    3.0      31.0        31.0     1.0     1.0
2025-12-31  Wednesday         30    2.0      30.0        30.0     5.0    28.0

[2220 rows x 7 columns]",FALSE,09:46:00,73239.14,73600CE,205.25,True,09:54:00,-23.09,73700CE,183.9,True,09:57:00,False,,146.64,,,False,,False,,0.0,73000PE,209.7,True,09:58:00,-23.59,72900PE,197.1,True,10:00:00,True,10:12:00,-19.96,72900PE,193.95,True,12:19:00,True,12:20:00,-19.64,60.359999999999985
2024-05-16,Thursday,"                  Day  BANKNIFTY  NIFTY  FINNIFTY  MIDCPNIFTY  SENSEX  BANKEX
Date                                                                         
2017-01-02     Monday          4    NaN       NaN         NaN     NaN     NaN
2017-01-03    Tuesday          3    NaN       NaN         NaN     NaN     NaN
2017-01-04  Wednesday          2    NaN       NaN         NaN     NaN     NaN
2017-01-05   Thursday          1    NaN       NaN         NaN     NaN     NaN
2017-01-06     Friday          5    NaN       NaN         NaN     NaN     NaN
...               ...        ...    ...       ...         ...     ...     ...
2025-12-24  Wednesday          1    1.0       1.0         1.0     4.0     4.0
2025-12-26     Friday         33    5.0      33.0        33.0     3.0     3.0
2025-12-29     Monday         32    4.0      32.0        32.0     2.0     2.0
2025-12-30    Tuesday         31    3.0      31.0        31.0     1.0     1.0
2025-12-31  Wednesday         30    2.0      30.0        30.0     5.0    28.0

[2220 rows x 7 columns]",FALSE,09:46:00,73148.72,73500CE,201.55,True,12:14:00,-22.67,73600CE,204.0,True,12:16:00,True,14:56:00,-20.66,73600CE,199.15,False,,False,,0.0,72800PE,205.35,True,10:21:00,-23.1,72700PE,190.3,True,10:43:00,True,10:46:00,-19.27,72700PE,201.65,True,12:09:00,True,12:27:00,-20.42,-106.12
2024-05-23,Thursday,"                  Day  BANKNIFTY  NIFTY  FINNIFTY  MIDCPNIFTY  SENSEX  BANKEX
Date                                                                         
2017-01-02     Monday          4    NaN       NaN         NaN     NaN     NaN
2017-01-03    Tuesday          3    NaN       NaN         NaN     NaN     NaN
2017-01-04  Wednesday          2    NaN       NaN         NaN     NaN     NaN
2017-01-05   Thursday          1    NaN       NaN         NaN     NaN     NaN
2017-01-06     Friday          5    NaN       NaN         NaN     NaN     NaN
...               ...        ...    ...       ...         ...     ...     ...
2025-12-24  Wednesday          1    1.0       1.0         1.0     4.0     4.0
2025-12-26     Friday         33    5.0      33.0        33.0     3.0     3.0
2025-12-29     Monday         32    4.0      32.0        32.0     2.0     2.0
2025-12-30    Tuesday         31    3.0      31.0        31.0     1.0     1.0
2025-12-31  Wednesday         30    2.0      30.0        30.0     5.0    28.0

[2220 rows x 7 columns]",FALSE,09:46:00,74483.28,74900CE,182.8,True,10:20:00,-20.56,74900CE,199.45,True,10:34:00,True,10:53:00,-20.19,74900CE,201.9,True,11:00:00,True,11:04:00,-20.44,74100PE,174.6,True,10:43:00,-19.64,74200PE,197.55,True,10:48:00,False,,150.37,,,False,,False,,0.0,69.54000000000002
2024-05-30,Thursday,"                  Day  BANKNIFTY  NIFTY  FINNIFTY  MIDCPNIFTY  SENSEX  BANKEX
Date                                                                         
2017-01-02     Monday          4    NaN       NaN         NaN     NaN     NaN
2017-01-03    Tuesday          3    NaN       NaN         NaN     NaN     NaN
2017-01-04  Wednesday          2    NaN       NaN         NaN     NaN     NaN
2017-01-05   Thursday          1    NaN       NaN         NaN     NaN     NaN
2017-01-06     Friday          5    NaN       NaN         NaN     NaN     NaN
...               ...        ...    ...       ...         ...     ...     ...
2025-12-24  Wednesday          1    1.0       1.0         1.0     4.0     4.0
2025-12-26     Friday         33    5.0      33.0        33.0     3.0     3.0
2025-12-29     Monday         32    4.0      32.0        32.0     2.0     2.0
2025-12-30    Tuesday         31    3.0      31.0        31.0     1.0     1.0
2025-12-31  Wednesday         30    2.0      30.0        30.0     5.0    28.0

[2220 rows x 7 columns]",FALSE,09:46:00,74185.7,74800CE,199.05,False,,136.01,,,False,,False,,0.0,,,False,,False,,0.0,73600PE,190.0,True,10:14:00,-21.38,73500PE,179.1,True,10:22:00,True,14:43:00,-18.13,73500PE,180.6,True,14:47:00,True,14:51:00,-18.29,78.21
2024-06-06,Thursday,"                  Day  BANKNIFTY  NIFTY  FINNIFTY  MIDCPNIFTY  SENSEX  BANKEX
Date                                                                         
2017-01-02     Monday          4    NaN       NaN         NaN     NaN     NaN
2017-01-03    Tuesday          3    NaN       NaN         NaN     NaN     NaN
2017-01-04  Wednesday          2    NaN       NaN         NaN     NaN     NaN
2017-01-05   Thursday          1    NaN       NaN         NaN     NaN     NaN
2017-01-06     Friday          5    NaN       NaN         NaN     NaN     NaN
...               ...        ...    ...       ...         ...     ...     ...
2025-12-24  Wednesday          1    1.0       1.0         1.0     4.0     4.0
2025-12-26     Friday         33    5.0      33.0        33.0     3.0     3.0
2025-12-29     Monday         32    4.0      32.0        32.0     2.0     2.0
2025-12-30    Tuesday         31    3.0      31.0        31.0     1.0     1.0
2025-12-31  Wednesday         30    2.0      30.0        30.0     5.0    28.0

[2220 rows x 7 columns]",FALSE,09:46:00,74835.05,75900CE,188.0,True,10:15:00,-21.15,76000CE,184.9,True,11:37:00,True,11:38:00,-18.72,76000CE,176.0,True,11:46:00,True,11:52:00,-17.82,73900PE,181.25,True,09:48:00,-20.39,73800PE,194.45,True,09:51:00,True,11:47:00,-19.69,73900PE,206.5,True,11:52:00,True,12:02:00,-20.91,-118.67999999999999
2024-06-13,Thursday,"                  Day  BANKNIFTY  NIFTY  FINNIFTY  MIDCPNIFTY  SENSEX  BANKEX
Date                                                                         
2017-01-02     Monday          4    NaN       NaN         NaN     NaN     NaN
2017-01-03    Tuesday          3    NaN       NaN         NaN     NaN     NaN
2017-01-04  Wednesday          2    NaN       NaN         NaN     NaN     NaN
2017-01-05   Thursday          1    NaN       NaN         NaN     NaN     NaN
2017-01-06     Friday          5    NaN       NaN         NaN     NaN     NaN
...               ...        ...    ...       ...         ...     ...     ...
2025-12-24  Wednesday          1    1.0       1.0         1.0     4.0     4.0
2025-12-26     Friday         33    5.0      33.0        33.0     3.0     3.0
2025-12-29     Monday         32    4.0      32.0        32.0     2.0     2.0
2025-12-30    Tuesday         31    3.0      31.0        31.0     1.0     1.0
2025-12-31  Wednesday         30    2.0      30.0        30.0     5.0    28.0

[2220 rows x 7 columns]",FALSE,09:46:00,76810.06,77100CE,197.05,True,10:01:00,-22.17,77100CE,216.9,True,10:02:00,False,,75.72,,,False,,False,,0.0,76400PE,184.05,True,09:47:00,-20.71,76500PE,238.8,True,09:49:00,False,,104.83,,,False,,False,,0.0,137.67000000000002
2024-06-20,Thursday,"                  Day  BANKNIFTY  NIFTY  FINNIFTY  MIDCPNIFTY  SENSEX  BANKEX
Date                                                                         
2017-01-02     Monday          4    NaN       NaN         NaN     NaN     NaN
2017-01-03    Tuesday          3    NaN       NaN         NaN     NaN     NaN
2017-01-04  Wednesday          2    NaN       NaN         NaN     NaN     NaN
2017-01-05   Thursday          1    NaN       NaN         NaN     NaN     NaN
2017-01-06     Friday          5    NaN       NaN         NaN     NaN     NaN
...               ...        ...    ...       ...         ...     ...     ...
2025-12-24  Wednesday          1    1.0       1.0         1.0     4.0     4.0
2025-12-26     Friday         33    5.0      33.0        33.0     3.0     3.0
2025-12-29     Monday         32    4.0      32.0        32.0     2.0     2.0
2025-12-30    Tuesday         31    3.0      31.0        31.0     1.0     1.0
2025-12-31  Wednesday         30    2.0      30.0        30.0     5.0    28.0

[2220 rows x 7 columns]",FALSE,09:46:00,77277.06,77500CE,226.4,True,11:02:00,-25.47,77700CE,201.9,True,11:04:00,True,13:20:00,-20.44,77700CE,214.85,True,13:47:00,True,13:49:00,-21.75,77000PE,223.2,True,09:48:00,-25.11,76900PE,210.85,True,09:58:00,True,10:06:00,-21.35,76900PE,199.0,True,10:08:00,False,,107.71,-6.410000000000004
2024-06-27,Thursday,"                  Day  BANKNIFTY  NIFTY  FINNIFTY  MIDCPNIFTY  SENSEX  BANKEX
Date                                                                         
2017-01-02     Monday          4    NaN       NaN         NaN     NaN     NaN
2017-01-03    Tuesday          3    NaN       NaN         NaN     NaN     NaN
2017-01-04  Wednesday          2    NaN       NaN         NaN     NaN     NaN
2017-01-05   Thursday          1    NaN       NaN         NaN     NaN     NaN
2017-01-06     Friday          5    NaN       NaN         NaN     NaN     NaN
...               ...        ...    ...       ...         ...     ...     ...
2025-12-24  Wednesday          1    1.0       1.0         1.0     4.0     4.0
2025-12-26     Friday         33    5.0      33.0        33.0     3.0     3.0
2025-12-29     Monday         32    4.0      32.0        32.0     2.0     2.0
2025-12-30    Tuesday         31    3.0      31.0        31.0     1.0     1.0
2025-12-31  Wednesday         30    2.0      30.0        30.0     5.0    28.0

[2220 rows x 7 columns]",FALSE,09:46:00,78705.98,79000CE,206.55,True,09:56:00,-23.24,79100CE,196.9,True,10:33:00,True,10:34:00,-19.94,79100CE,192.4,True,10:43:00,True,10:51:00,-19.48,78300PE,205.25,True,10:43:00,-23.09,78300PE,214.45,True,10:49:00,False,,129.29,,,False,,False,,0.0,43.53999999999999
2024-07-04,Thursday,"                  Day  BANKNIFTY  NIFTY  FINNIFTY  MIDCPNIFTY  SENSEX  BANKEX
Date                                                                         
2017-01-02     Monday          4    NaN       NaN         NaN     NaN     NaN
2017-01-03    Tuesday          3    NaN       NaN         NaN     NaN     NaN
2017-01-04  Wednesday          2    NaN       NaN         NaN     NaN     NaN
2017-01-05   Thursday          1    NaN       NaN         NaN     NaN     NaN
2017-01-06     Friday          5    NaN       NaN         NaN     NaN     NaN
...               ...        ...    ...       ...         ...     ...     ...
2025-12-24  Wednesday          1    1.0       1.0         1.0     4.0     4.0
2025-12-26     Friday         33    5.0      33.0        33.0     3.0     3.0
2025-12-29     Monday         32    4.0      32.0        32.0     2.0     2.0
2025-12-30    Tuesday         31    3.0      31.0        31.0     1.0     1.0
2025-12-31  Wednesday         30    2.0      30.0        30.0     5.0    28.0

[2220 rows x 7 columns]",FALSE,09:46:00,80351.38,80500CE,226.45,False,,146.87,,,False,,False,,0.0,,,False,,False,,0.0,80100PE,221.75,True,10:18:00,-24.95,80000PE,217.55,True,11:30:00,True,11:34:00,-22.03,80100PE,259.15,True,12:12:00,True,13:46:00,-26.24,73.65
2024-07-11,Thursday,"                  Day  BANKNIFTY  NIFTY  FINNIFTY  MIDCPNIFTY  SENSEX  BANKEX
Date                                                                         
2017-01-02     Monday          4    NaN       NaN         NaN     NaN     NaN
2017-01-03    Tuesday          3    NaN       NaN         NaN     NaN     NaN
2017-01-04  Wednesday          2    NaN       NaN         NaN     NaN     NaN
2017-01-05   Thursday          1    NaN       NaN         NaN     NaN     NaN
2017-01-06     Friday          5    NaN       NaN         NaN     NaN     NaN
...               ...        ...    ...       ...         ...     ...     ...
2025-12-24  Wednesday          1    1.0       1.0         1.0     4.0     4.0
2025-12-26     Friday         33    5.0      33.0        33.0     3.0     3.0
2025-12-29     Monday         32    4.0      32.0        32.0     2.0     2.0
2025-12-30    Tuesday         31    3.0      31.0        31.0     1.0     1.0
2025-12-31  Wednesday         30    2.0      30.0        30.0     5.0    28.0

[2220 rows x 7 columns]",FALSE,09:46:00,79931.85,80100CE,197.5,True,09:47:00,-22.22,80100CE,217.15,True,10:12:00,False,,-17.51,,,False,,False,,0.0,79700PE,183.1,True,10:13:00,-20.6,79600PE,197.05,True,11:41:00,True,11:43:00,-19.95,79600PE,200.0,True,11:59:00,True,12:03:00,-20.25,-100.53
2024-07-18,Thursday,"                  Day  BANKNIFTY  NIFTY  FINNIFTY  MIDCPNIFTY  SENSEX  BANKEX
Date                                                                         
2017-01-02     Monday          4    NaN       NaN         NaN     NaN     NaN
2017-01-03    Tuesday          3    NaN       NaN         NaN     NaN     NaN
2017-01-04  Wednesday          2    NaN       NaN         NaN     NaN     NaN
2017-01-05   Thursday          1    NaN       NaN         NaN     NaN     NaN
2017-01-06     Friday          5    NaN       NaN         NaN     NaN     NaN
...               ...        ...    ...       ...         ...     ...     ...
2025-12-24  Wednesday          1    1.0       1.0         1.0     4.0     4.0
2025-12-26     Friday         33    5.0      33.0        33.0     3.0     3.0
2025-12-29     Monday         32    4.0      32.0        32.0     2.0     2.0
2025-12-30    Tuesday         31    3.0      31.0        31.0     1.0     1.0
2025-12-31  Wednesday         30    2.0      30.0        30.0     5.0    28.0

[2220 rows x 7 columns]",FALSE,09:46:00,80622.86,80900CE,221.2,True,09:49:00,-24.88,81000CE,236.0,True,09:50:00,True,09:51:00,-23.9,81000CE,223.5,True,10:00:00,True,10:05:00,-22.63,80500PE,229.5,True,11:13:00,-25.82,80400PE,222.0,True,11:25:00,True,11:33:00,-22.48,80400PE,243.95,True,11:34:00,False,,164.96,45.250000000000014
2024-07-25,Thursday,"                  Day  BANKNIFTY  NIFTY  FINNIFTY  MIDCPNIFTY  SENSEX  BANKEX
Date                                                                         
2017-01-02     Monday          4    NaN       NaN         NaN     NaN     NaN
2017-01-03    Tuesday          3    NaN       NaN         NaN     NaN     NaN
2017-01-04  Wednesday          2    NaN       NaN         NaN     NaN     NaN
2017-01-05   Thursday          1    NaN       NaN         NaN     NaN     NaN
2017-01-06     Friday          5    NaN       NaN         NaN     NaN     NaN
...               ...        ...    ...       ...         ...     ...     ...
2025-12-24  Wednesday          1    1.0       1.0         1.0     4.0     4.0
2025-12-26     Friday         33    5.0      33.0        33.0     3.0     3.0
2025-12-29     Monday         32    4.0      32.0        32.0     2.0     2.0
2025-12-30    Tuesday         31    3.0      31.0        31.0     1.0     1.0
2025-12-31  Wednesday         30    2.0      30.0        30.0     5.0    28.0

[2220 rows x 7 columns]",FALSE,09:46:00,79574.43,79900CE,205.0,True,09:48:00,-23.06,79900CE,225.95,True,09:53:00,True,09:54:00,-22.88,79900CE,220.4,True,11:19:00,True,11:21:00,-22.32,79300PE,199.35,False,,143.36,,,False,,False,,0.0,,,False,,False,,0.0,75.10000000000002
2024-08-01,Thursday,"                  Day  BANKNIFTY  NIFTY  FINNIFTY  MIDCPNIFTY  SENSEX  BANKEX
Date                                                                         
2017-01-02     Monday          4    NaN       NaN         NaN     NaN     NaN
2017-01-03    Tuesday          3    NaN       NaN         NaN     NaN     NaN
2017-01-04  Wednesday          2    NaN       NaN         NaN     NaN     NaN
2017-01-05   Thursday          1    NaN       NaN         NaN     NaN     NaN
2017-01-06     Friday          5    NaN       NaN         NaN     NaN     NaN
...               ...        ...    ...       ...         ...     ...     ...
2025-12-24  Wednesday          1    1.0       1.0         1.0     4.0     4.0
2025-12-26     Friday         33    5.0      33.0        33.0     3.0     3.0
2025-12-29     Monday         32    4.0      32.0        32.0     2.0     2.0
2025-12-30    Tuesday         31    3.0      31.0        31.0     1.0     1.0
2025-12-31  Wednesday         30    2.0      30.0        30.0     5.0    28.0

[2220 rows x 7 columns]",FALSE,09:46:00,81995.0,82200CE,214.65,True,09:49:00,-24.15,82200CE,215.8,True,09:54:00,True,09:57:00,-21.85,82200CE,228.8,True,10:02:00,False,,78.4,81800PE,228.6,True,09:54:00,-25.72,81700PE,214.15,True,09:57:00,True,10:38:00,-21.68,81700PE,198.1,True,11:12:00,True,11:42:00,-20.06,-35.05999999999999
2024-08-08,Thursday,"                  Day  BANKNIFTY  NIFTY  FINNIFTY  MIDCPNIFTY  SENSEX  BANKEX
Date                                                                         
2017-01-02     Monday          4    NaN       NaN         NaN     NaN     NaN
2017-01-03    Tuesday          3    NaN       NaN         NaN     NaN     NaN
2017-01-04  Wednesday          2    NaN       NaN         NaN     NaN     NaN
2017-01-05   Thursday          1    NaN       NaN         NaN     NaN     NaN
2017-01-06     Friday          5    NaN       NaN         NaN     NaN     NaN
...               ...        ...    ...       ...         ...     ...     ...
2025-12-24  Wednesday          1    1.0       1.0         1.0     4.0     4.0
2025-12-26     Friday         33    5.0      33.0        33.0     3.0     3.0
2025-12-29     Monday         32    4.0      32.0        32.0     2.0     2.0
2025-12-30    Tuesday         31    3.0      31.0        31.0     1.0     1.0
2025-12-31  Wednesday         30    2.0      30.0        30.0     5.0    28.0

[2220 rows x 7 columns]",FALSE,09:46:00,79254.2,79900CE,206.0,True,09:49:00,-23.18,79900CE,220.45,True,09:57:00,True,12:13:00,-22.32,80000CE,188.2,True,12:49:00,False,,104.71,78600PE,196.95,True,09:59:00,-22.16,78600PE,214.3,True,10:02:00,True,10:06:00,-21.7,78400PE,210.0,True,10:07:00,True,10:09:00,-21.26,-5.910000000000011
2024-08-14,Wednesday,"                  Day  BANKNIFTY  NIFTY  FINNIFTY  MIDCPNIFTY  SENSEX  BANKEX
Date                                                                         
2017-01-02     Monday          4    NaN       NaN         NaN     NaN     NaN
2017-01-03    Tuesday          3    NaN       NaN         NaN     NaN     NaN
2017-01-04  Wednesday          2    NaN       NaN         NaN     NaN     NaN
2017-01-05   Thursday          1    NaN       NaN         NaN     NaN     NaN
2017-01-06     Friday          5    NaN       NaN         NaN     NaN     NaN
...               ...        ...    ...       ...         ...     ...     ...
2025-12-24  Wednesday          1    1.0       1.0         1.0     4.0     4.0
2025-12-26     Friday         33    5.0      33.0        33.0     3.0     3.0
2025-12-29     Monday         32    4.0      32.0        32.0     2.0     2.0
2025-12-30    Tuesday         31    3.0      31.0        31.0     1.0     1.0
2025-12-31  Wednesday         30    2.0      30.0        30.0     5.0    28.0

[2220 rows x 7 columns]",FALSE,09:46:00,79064.05,79500CE,205.0,False,,36.09,,,False,,False,,0.0,,,False,,False,,0.0,78700PE,203.1,True,09:53:00,-22.85,78700PE,218.25,True,10:17:00,False,,33.07,,,False,,False,,0.0,46.31
2024-08-22,Thursday,"                  Day  BANKNIFTY  NIFTY  FINNIFTY  MIDCPNIFTY  SENSEX  BANKEX
Date                                                                         
2017-01-02     Monday          4    NaN       NaN         NaN     NaN     NaN
2017-01-03    Tuesday          3    NaN       NaN         NaN     NaN     NaN
2017-01-04  Wednesday          2    NaN       NaN         NaN     NaN     NaN
2017-01-05   Thursday          1    NaN       NaN         NaN     NaN     NaN
2017-01-06     Friday          5    NaN       NaN         NaN     NaN     NaN
...               ...        ...    ...       ...         ...     ...     ...
2025-12-24  Wednesday          1    1.0       1.0         1.0     4.0     4.0
2025-12-26     Friday         33    5.0      33.0        33.0     3.0     3.0
2025-12-29     Monday         32    4.0      32.0        32.0     2.0     2.0
2025-12-30    Tuesday         31    3.0      31.0        31.0     1.0     1.0
2025-12-31  Wednesday         30    2.0      30.0        30.0     5.0    28.0

[2220 rows x 7 columns]",FALSE,09:46:00,81056.93,81100CE,246.8,False,,-1.43,,,False,,False,,0.0,,,False,,False,,0.0,81000PE,229.25,True,09:49:00,-25.79,80900PE,209.3,True,09:59:00,False,,25.22,,,False,,False,,0.0,-2.0
2024-08-29,Thursday,"                  Day  BANKNIFTY  NIFTY  FINNIFTY  MIDCPNIFTY  SENSEX  BANKEX
Date                                                                         
2017-01-02     Monday          4    NaN       NaN         NaN     NaN     NaN
2017-01-03    Tuesday          3    NaN       NaN         NaN     NaN     NaN
2017-01-04  Wednesday          2    NaN       NaN         NaN     NaN     NaN
2017-01-05   Thursday          1    NaN       NaN         NaN     NaN     NaN
2017-01-06     Friday          5    NaN       NaN         NaN     NaN     NaN
...               ...        ...    ...       ...         ...     ...     ...
2025-12-24  Wednesday          1    1.0       1.0         1.0     4.0     4.0
2025-12-26     Friday         33    5.0      33.0        33.0     3.0     3.0
2025-12-29     Monday         32    4.0      32.0        32.0     2.0     2.0
2025-12-30    Tuesday         31    3.0      31.0        31.0     1.0     1.0
2025-12-31  Wednesday         30    2.0      30.0        30.0     5.0    28.0

[2220 rows x 7 columns]",FALSE,09:46:00,81850.58,82000CE,213.45,True,09:48:00,-24.01,82000CE,239.85,True,11:50:00,True,12:23:00,-24.28,82000CE,233.95,True,14:02:00,True,14:11:00,-23.69,81700PE,202.25,True,14:04:00,-22.75,81700PE,224.15,True,14:05:00,True,14:06:00,-22.7,81700PE,217.75,True,14:07:00,True,14:08:00,-22.05,-139.48000000000002
2024-09-05,Thursday,"                  Day  BANKNIFTY  NIFTY  FINNIFTY  MIDCPNIFTY  SENSEX  BANKEX
Date                                                                         
2017-01-02     Monday          4    NaN       NaN         NaN     NaN     NaN
2017-01-03    Tuesday          3    NaN       NaN         NaN     NaN     NaN
2017-01-04  Wednesday          2    NaN       NaN         NaN     NaN     NaN
2017-01-05   Thursday          1    NaN       NaN         NaN     NaN     NaN
2017-01-06     Friday          5    NaN       NaN         NaN     NaN     NaN
...               ...        ...    ...       ...         ...     ...     ...
2025-12-24  Wednesday          1    1.0       1.0         1.0     4.0     4.0
2025-12-26     Friday         33    5.0      33.0        33.0     3.0     3.0
2025-12-29     Monday         32    4.0      32.0        32.0     2.0     2.0
2025-12-30    Tuesday         31    3.0      31.0        31.0     1.0     1.0
2025-12-31  Wednesday         30    2.0      30.0        30.0     5.0    28.0

[2220 rows x 7 columns]",FALSE,09:46:00,82376.73,82500CE,217.9,False,,101.23,,,False,,False,,0.0,,,False,,False,,0.0,82300PE,227.5,True,10:29:00,-25.59,82200PE,226.6,True,11:08:00,False,,16.19,,,False,,False,,0.0,91.83000000000001
2024-09-12,Thursday,"                  Day  BANKNIFTY  NIFTY  FINNIFTY  MIDCPNIFTY  SENSEX  BANKEX
Date                                                                         
2017-01-02     Monday          4    NaN       NaN         NaN     NaN     NaN
2017-01-03    Tuesday          3    NaN       NaN         NaN     NaN     NaN
2017-01-04  Wednesday          2    NaN       NaN         NaN     NaN     NaN
2017-01-05   Thursday          1    NaN       NaN         NaN     NaN     NaN
2017-01-06     Friday          5    NaN       NaN         NaN     NaN     NaN
...               ...        ...    ...       ...         ...     ...     ...
2025-12-24  Wednesday          1    1.0       1.0         1.0     4.0     4.0
2025-12-26     Friday         33    5.0      33.0        33.0     3.0     3.0
2025-12-29     Monday         32    4.0      32.0        32.0     2.0     2.0
2025-12-30    Tuesday         31    3.0      31.0        31.0     1.0     1.0
2025-12-31  Wednesday         30    2.0      30.0        30.0     5.0    28.0

[2220 rows x 7 columns]",FALSE,09:46:00,81850.67,82000CE,209.95,True,09:48:00,-23.62,82000CE,228.9,True,09:49:00,True,14:01:00,-23.18,82000CE,235.85,False,,False,,0.0,81700PE,200.45,True,09:53:00,-22.55,81700PE,223.7,True,10:05:00,True,10:13:00,-22.65,81700PE,225.9,True,11:20:00,True,11:23:00,-22.87,-114.87
2024-09-19,Thursday,"                  Day  BANKNIFTY  NIFTY  FINNIFTY  MIDCPNIFTY  SENSEX  BANKEX
Date                                                                         
2017-01-02     Monday          4    NaN       NaN         NaN     NaN     NaN
2017-01-03    Tuesday          3    NaN       NaN         NaN     NaN     NaN
2017-01-04  Wednesday          2    NaN       NaN         NaN     NaN     NaN
2017-01-05   Thursday          1    NaN       NaN         NaN     NaN     NaN
2017-01-06     Friday          5    NaN       NaN         NaN     NaN     NaN
...               ...        ...    ...       ...         ...     ...     ...
2025-12-24  Wednesday          1    1.0       1.0         1.0     4.0     4.0
2025-12-26     Friday         33    5.0      33.0        33.0     3.0     3.0
2025-12-29     Monday         32    4.0      32.0        32.0     2.0     2.0
2025-12-30    Tuesday         31    3.0      31.0        31.0     1.0     1.0
2025-12-31  Wednesday         30    2.0      30.0        30.0     5.0    28.0

[2220 rows x 7 columns]",FALSE,09:46:00,83711.88,83900CE,216.4,False,,143.24,,,False,,False,,0.0,,,False,,False,,0.0,83500PE,208.15,True,09:50:00,-23.42,83400PE,206.5,False,,False,,0.0,,,False,,False,,0.0,119.82000000000001
2024-09-26,Thursday,"                  Day  BANKNIFTY  NIFTY  FINNIFTY  MIDCPNIFTY  SENSEX  BANKEX
Date                                                                         
2017-01-02     Monday          4    NaN       NaN         NaN     NaN     NaN
2017-01-03    Tuesday          3    NaN       NaN         NaN     NaN     NaN
2017-01-04  Wednesday          2    NaN       NaN         NaN     NaN     NaN
2017-01-05   Thursday          1    NaN       NaN         NaN     NaN     NaN
2017-01-06     Friday          5    NaN       NaN         NaN     NaN     NaN
...               ...        ...    ...       ...         ...     ...     ...
2025-12-24  Wednesday          1    1.0       1.0         1.0     4.0     4.0
2025-12-26     Friday         33    5.0      33.0        33.0     3.0     3.0
2025-12-29     Monday         32    4.0      32.0        32.0     2.0     2.0
2025-12-30    Tuesday         31    3.0      31.0        31.0     1.0     1.0
2025-12-31  Wednesday         30    2.0      30.0        30.0     5.0    28.0

[2220 rows x 7 columns]",FALSE,09:46:00,85326.28,85500CE,236.7,True,10:09:00,-26.63,85600CE,220.9,False,,False,,0.0,,,False,,False,,0.0,85100PE,245.6,True,14:09:00,-27.63,85100PE,238.8,True,14:10:00,False,,129.73,,,False,,False,,0.0,75.47
2024-10-03,Thursday,"                  Day  BANKNIFTY  NIFTY  FINNIFTY  MIDCPNIFTY  SENSEX  BANKEX
Date                                                                         
2017-01-02     Monday          4    NaN       NaN         NaN     NaN     NaN
2017-01-03    Tuesday          3    NaN       NaN         NaN     NaN     NaN
2017-01-04  Wednesday          2    NaN       NaN         NaN     NaN     NaN
2017-01-05   Thursday          1    NaN       NaN         NaN     NaN     NaN
2017-01-06     Friday          5    NaN       NaN         NaN     NaN     NaN
...               ...        ...    ...       ...         ...     ...     ...
2025-12-24  Wednesday          1    1.0       1.0         1.0     4.0     4.0
2025-12-26     Friday         33    5.0      33.0        33.0     3.0     3.0
2025-12-29     Monday         32    4.0      32.0        32.0     2.0     2.0
2025-12-30    Tuesday         31    3.0      31.0        31.0     1.0     1.0
2025-12-31  Wednesday         30    2.0      30.0        30.0     5.0    28.0

[2220 rows x 7 columns]",FALSE,09:46:00,83674.63,84200CE,206.7,False,,189.57,,,False,,False,,0.0,,,False,,False,,0.0,83200PE,215.2,True,09:55:00,-24.21,83100PE,206.55,False,,False,,0.0,,,False,,False,,0.0,165.35999999999999
2024-10-10,Thursday,"                  Day  BANKNIFTY  NIFTY  FINNIFTY  MIDCPNIFTY  SENSEX  BANKEX
Date                                                                         
2017-01-02     Monday          4    NaN       NaN         NaN     NaN     NaN
2017-01-03    Tuesday          3    NaN       NaN         NaN     NaN     NaN
2017-01-04  Wednesday          2    NaN       NaN         NaN     NaN     NaN
2017-01-05   Thursday          1    NaN       NaN         NaN     NaN     NaN
2017-01-06     Friday          5    NaN       NaN         NaN     NaN     NaN
...               ...        ...    ...       ...         ...     ...     ...
2025-12-24  Wednesday          1    1.0       1.0         1.0     4.0     4.0
2025-12-26     Friday         33    5.0      33.0        33.0     3.0     3.0
2025-12-29     Monday         32    4.0      32.0        32.0     2.0     2.0
2025-12-30    Tuesday         31    3.0      31.0        31.0     1.0     1.0
2025-12-31  Wednesday         30    2.0      30.0        30.0     5.0    28.0

[2220 rows x 7 columns]",FALSE,09:46:00,81592.78,82000CE,220.4,True,09:55:00,-24.8,82100CE,213.25,True,11:10:00,False,,53.13,,,False,,False,,0.0,81200PE,217.1,False,,69.34,,,False,,False,,0.0,,,False,,False,,0.0,97.67
2024-10-17,Thursday,"                  Day  BANKNIFTY  NIFTY  FINNIFTY  MIDCPNIFTY  SENSEX  BANKEX
Date                                                                         
2017-01-02     Monday          4    NaN       NaN         NaN     NaN     NaN
2017-01-03    Tuesday          3    NaN       NaN         NaN     NaN     NaN
2017-01-04  Wednesday          2    NaN       NaN         NaN     NaN     NaN
2017-01-05   Thursday          1    NaN       NaN         NaN     NaN     NaN
2017-01-06     Friday          5    NaN       NaN         NaN     NaN     NaN
...               ...        ...    ...       ...         ...     ...     ...
2025-12-24  Wednesday          1    1.0       1.0         1.0     4.0     4.0
2025-12-26     Friday         33    5.0      33.0        33.0     3.0     3.0
2025-12-29     Monday         32    4.0      32.0        32.0     2.0     2.0
2025-12-30    Tuesday         31    3.0      31.0        31.0     1.0     1.0
2025-12-31  Wednesday         30    2.0      30.0        30.0     5.0    28.0

[2220 rows x 7 columns]",FALSE,09:46:00,81209.59,81500CE,233.35,False,,136.03,,,False,,False,,0.0,,,False,,False,,0.0,81000PE,237.3,True,09:49:00,-26.7,80900PE,222.25,True,09:52:00,True,09:54:00,-22.5,80900PE,224.4,True,09:55:00,False,,29.74,116.57
2024-10-24,Thursday,"                  Day  BANKNIFTY  NIFTY  FINNIFTY  MIDCPNIFTY  SENSEX  BANKEX
Date                                                                         
2017-01-02     Monday          4    NaN       NaN         NaN     NaN     NaN
2017-01-03    Tuesday          3    NaN       NaN         NaN     NaN     NaN
2017-01-04  Wednesday          2    NaN       NaN         NaN     NaN     NaN
2017-01-05   Thursday          1    NaN       NaN         NaN     NaN     NaN
2017-01-06     Friday          5    NaN       NaN         NaN     NaN     NaN
...               ...        ...    ...       ...         ...     ...     ...
2025-12-24  Wednesday          1    1.0       1.0         1.0     4.0     4.0
2025-12-26     Friday         33    5.0      33.0        33.0     3.0     3.0
2025-12-29     Monday         32    4.0      32.0        32.0     2.0     2.0
2025-12-30    Tuesday         31    3.0      31.0        31.0     1.0     1.0
2025-12-31  Wednesday         30    2.0      30.0        30.0     5.0    28.0

[2220 rows x 7 columns]",FALSE,09:46:00,79904.66,80300CE,187.1,True,09:58:00,-21.05,80300CE,198.45,True,11:08:00,True,11:39:00,-20.09,80200CE,233.85,True,11:47:00,False,,-5.92,79600PE,192.15,False,,126.75,,,False,,False,,0.0,,,False,,False,,0.0,79.69
2024-10-30,Wednesday,"                  Day  BANKNIFTY  NIFTY  FINNIFTY  MIDCPNIFTY  SENSEX  BANKEX
Date                                                                         
2017-01-02     Monday          4    NaN       NaN         NaN     NaN     NaN
2017-01-03    Tuesday          3    NaN       NaN         NaN     NaN     NaN
2017-01-04  Wednesday          2    NaN       NaN         NaN     NaN     NaN
2017-01-05   Thursday          1    NaN       NaN         NaN     NaN     NaN
2017-01-06     Friday          5    NaN       NaN         NaN     NaN     NaN
...               ...        ...    ...       ...         ...     ...     ...
2025-12-24  Wednesday          1    1.0       1.0         1.0     4.0     4.0
2025-12-26     Friday         33    5.0      33.0        33.0     3.0     3.0
2025-12-29     Monday         32    4.0      32.0        32.0     2.0     2.0
2025-12-30    Tuesday         31    3.0      31.0        31.0     1.0     1.0
2025-12-31  Wednesday         30    2.0      30.0        30.0     5.0    28.0

[2220 rows x 7 columns]",FALSE,09:46:00,80040.24,80400CE,208.55,True,09:47:00,-23.46,80400CE,220.65,True,09:49:00,True,09:52:00,-22.34,80400CE,229.2,True,10:02:00,True,10:06:00,-23.21,79900PE,224.25,True,14:14:00,-25.23,79800PE,224.65,True,14:17:00,False,,48.66,,,False,,False,,0.0,-45.58
2024-11-07,Thursday,"                  Day  BANKNIFTY  NIFTY  FINNIFTY  MIDCPNIFTY  SENSEX  BANKEX
Date                                                                         
2017-01-02     Monday          4    NaN       NaN         NaN     NaN     NaN
2017-01-03    Tuesday          3    NaN       NaN         NaN     NaN     NaN
2017-01-04  Wednesday          2    NaN       NaN         NaN     NaN     NaN
2017-01-05   Thursday          1    NaN       NaN         NaN     NaN     NaN
2017-01-06     Friday          5    NaN       NaN         NaN     NaN     NaN
...               ...        ...    ...       ...         ...     ...     ...
2025-12-24  Wednesday          1    1.0       1.0         1.0     4.0     4.0
2025-12-26     Friday         33    5.0      33.0        33.0     3.0     3.0
2025-12-29     Monday         32    4.0      32.0        32.0     2.0     2.0
2025-12-30    Tuesday         31    3.0      31.0        31.0     1.0     1.0
2025-12-31  Wednesday         30    2.0      30.0        30.0     5.0    28.0

[2220 rows x 7 columns]",FALSE,09:46:00,79979.48,80400CE,194.75,True,09:47:00,-21.91,80400CE,224.7,True,09:48:00,False,,139.35,,,False,,False,,0.0,79700PE,208.7,True,09:52:00,-23.48,79600PE,195.3,False,,False,,0.0,,,False,,False,,0.0,93.96
2024-11-13,Wednesday,"                  Day  BANKNIFTY  NIFTY  FINNIFTY  MIDCPNIFTY  SENSEX  BANKEX
Date                                                                         
2017-01-02     Monday          4    NaN       NaN         NaN     NaN     NaN
2017-01-03    Tuesday          3    NaN       NaN         NaN     NaN     NaN
2017-01-04  Wednesday          2    NaN       NaN         NaN     NaN     NaN
2017-01-05   Thursday          1    NaN       NaN         NaN     NaN     NaN
2017-01-06     Friday          5    NaN       NaN         NaN     NaN     NaN
...               ...        ...    ...       ...         ...     ...     ...
2025-12-24  Wednesday          1    1.0       1.0         1.0     4.0     4.0
2025-12-26     Friday         33    5.0      33.0        33.0     3.0     3.0
2025-12-29     Monday         32    4.0      32.0        32.0     2.0     2.0
2025-12-30    Tuesday         31    3.0      31.0        31.0     1.0     1.0
2025-12-31  Wednesday         30    2.0      30.0        30.0     5.0    28.0

[2220 rows x 7 columns]",FALSE,09:46:00,78411.16,78800CE,226.15,True,09:52:00,-25.44,78900CE,208.1,True,09:54:00,True,09:59:00,-21.07,78900CE,209.8,True,10:01:00,False,,139.96,78000PE,217.55,True,09:47:00,-24.47,77800PE,190.3,True,09:51:00,True,10:07:00,-19.27,77900PE,210.8,True,10:10:00,True,10:11:00,-21.34,28.370000000000005
2024-11-21,Thursday,"                  Day  BANKNIFTY  NIFTY  FINNIFTY  MIDCPNIFTY  SENSEX  BANKEX
Date                                                                         
2017-01-02     Monday          4    NaN       NaN         NaN     NaN     NaN
2017-01-03    Tuesday          3    NaN       NaN         NaN     NaN     NaN
2017-01-04  Wednesday          2    NaN       NaN         NaN     NaN     NaN
2017-01-05   Thursday          1    NaN       NaN         NaN     NaN     NaN
2017-01-06     Friday          5    NaN       NaN         NaN     NaN     NaN
...               ...        ...    ...       ...         ...     ...     ...
2025-12-24  Wednesday          1    1.0       1.0         1.0     4.0     4.0
2025-12-26     Friday         33    5.0      33.0        33.0     3.0     3.0
2025-12-29     Monday         32    4.0      32.0        32.0     2.0     2.0
2025-12-30    Tuesday         31    3.0      31.0        31.0     1.0     1.0
2025-12-31  Wednesday         30    2.0      30.0        30.0     5.0    28.0

[2220 rows x 7 columns]",FALSE,09:46:00,77009.29,77300CE,212.95,True,10:05:00,-23.96,77400CE,196.8,True,10:07:00,True,12:00:00,-19.93,77300CE,230.0,True,12:06:00,False,,21.66,76600PE,204.05,True,09:48:00,-22.96,76600PE,228.15,True,09:51:00,True,10:01:00,-23.1,76600PE,213.25,True,10:02:00,False,,68.83,0.5399999999999956
2024-11-28,Thursday,"                  Day  BANKNIFTY  NIFTY  FINNIFTY  MIDCPNIFTY  SENSEX  BANKEX
Date                                                                         
2017-01-02     Monday          4    NaN       NaN         NaN     NaN     NaN
2017-01-03    Tuesday          3    NaN       NaN         NaN     NaN     NaN
2017-01-04  Wednesday          2    NaN       NaN         NaN     NaN     NaN
2017-01-05   Thursday          1    NaN       NaN         NaN     NaN     NaN
2017-01-06     Friday          5    NaN       NaN         NaN     NaN     NaN
...               ...        ...    ...       ...         ...     ...     ...
2025-12-24  Wednesday          1    1.0       1.0         1.0     4.0     4.0
2025-12-26     Friday         33    5.0      33.0        33.0     3.0     3.0
2025-12-29     Monday         32    4.0      32.0        32.0     2.0     2.0
2025-12-30    Tuesday         31    3.0      31.0        31.0     1.0     1.0
2025-12-31  Wednesday         30    2.0      30.0        30.0     5.0    28.0

[2220 rows x 7 columns]",FALSE,09:46:00,80207.1,80600CE,204.25,True,09:51:00,-22.98,80700CE,217.1,True,10:30:00,False,,165.95,,,False,,False,,0.0,79900PE,203.75,True,10:33:00,-22.92,79700PE,203.4,True,10:34:00,True,10:35:00,-20.59,79700PE,213.65,False,,False,,0.0,99.46
2024-12-05,Thursday,"                  Day  BANKNIFTY  NIFTY  FINNIFTY  MIDCPNIFTY  SENSEX  BANKEX
Date                                                                         
2017-01-02     Monday          4    NaN       NaN         NaN     NaN     NaN
2017-01-03    Tuesday          3    NaN       NaN         NaN     NaN     NaN
2017-01-04  Wednesday          2    NaN       NaN         NaN     NaN     NaN
2017-01-05   Thursday          1    NaN       NaN         NaN     NaN     NaN
2017-01-06     Friday          5    NaN       NaN         NaN     NaN     NaN
...               ...        ...    ...       ...         ...     ...     ...
2025-12-24  Wednesday          1    1.0       1.0         1.0     4.0     4.0
2025-12-26     Friday         33    5.0      33.0        33.0     3.0     3.0
2025-12-29     Monday         32    4.0      32.0        32.0     2.0     2.0
2025-12-30    Tuesday         31    3.0      31.0        31.0     1.0     1.0
2025-12-31  Wednesday         30    2.0      30.0        30.0     5.0    28.0

[2220 rows x 7 columns]",FALSE,09:46:00,80978.43,81900CE,213.15,True,12:05:00,-23.98,82000CE,221.95,True,14:56:00,True,14:59:00,-22.47,82000CE,215.25,True,15:00:00,True,15:01:00,-21.79,79800PE,215.75,True,09:48:00,-24.27,79500PE,199.45,True,09:56:00,True,10:10:00,-20.19,79600PE,209.5,True,12:05:00,False,,152.34,39.639999999999986
2024-12-12,Thursday,"                  Day  BANKNIFTY  NIFTY  FINNIFTY  MIDCPNIFTY  SENSEX  BANKEX
Date                                                                         
2017-01-02     Monday          4    NaN       NaN         NaN     NaN     NaN
2017-01-03    Tuesday          3    NaN       NaN         NaN     NaN     NaN
2017-01-04  Wednesday          2    NaN       NaN         NaN     NaN     NaN
2017-01-05   Thursday          1    NaN       NaN         NaN     NaN     NaN
2017-01-06     Friday          5    NaN       NaN         NaN     NaN     NaN
...               ...        ...    ...       ...         ...     ...     ...
2025-12-24  Wednesday          1    1.0       1.0         1.0     4.0     4.0
2025-12-26     Friday         33    5.0      33.0        33.0     3.0     3.0
2025-12-29     Monday         32    4.0      32.0        32.0     2.0     2.0
2025-12-30    Tuesday         31    3.0      31.0        31.0     1.0     1.0
2025-12-31  Wednesday         30    2.0      30.0        30.0     5.0    28.0

[2220 rows x 7 columns]",FALSE,09:46:00,81547.74,81800CE,207.7,False,,79.35,,,False,,False,,0.0,,,False,,False,,0.0,81400PE,209.75,True,10:15:00,-23.6,81400PE,223.65,False,,False,,0.0,,,False,,False,,0.0,55.74999999999999
2024-12-19,Thursday,"                  Day  BANKNIFTY  NIFTY  FINNIFTY  MIDCPNIFTY  SENSEX  BANKEX
Date                                                                         
2017-01-02     Monday          4    NaN       NaN         NaN     NaN     NaN
2017-01-03    Tuesday          3    NaN       NaN         NaN     NaN     NaN
2017-01-04  Wednesday          2    NaN       NaN         NaN     NaN     NaN
2017-01-05   Thursday          1    NaN       NaN         NaN     NaN     NaN
2017-01-06     Friday          5    NaN       NaN         NaN     NaN     NaN
...               ...        ...    ...       ...         ...     ...     ...
2025-12-24  Wednesday          1    1.0       1.0         1.0     4.0     4.0
2025-12-26     Friday         33    5.0      33.0        33.0     3.0     3.0
2025-12-29     Monday         32    4.0      32.0        32.0     2.0     2.0
2025-12-30    Tuesday         31    3.0      31.0        31.0     1.0     1.0
2025-12-31  Wednesday         30    2.0      30.0        30.0     5.0    28.0

[2220 rows x 7 columns]",FALSE,09:46:00,79393.0,80200CE,199.2,False,,88.26,,,False,,False,,0.0,,,False,,False,,0.0,78800PE,193.35,True,13:19:00,-21.75,78700PE,188.15,True,13:21:00,False,,-10.28,,,False,,False,,0.0,56.230000000000004
2024-12-26,Thursday,"                  Day  BANKNIFTY  NIFTY  FINNIFTY  MIDCPNIFTY  SENSEX  BANKEX
Date                                                                         
2017-01-02     Monday          4    NaN       NaN         NaN     NaN     NaN
2017-01-03    Tuesday          3    NaN       NaN         NaN     NaN     NaN
2017-01-04  Wednesday          2    NaN       NaN         NaN     NaN     NaN
2017-01-05   Thursday          1    NaN       NaN         NaN     NaN     NaN
2017-01-06     Friday          5    NaN       NaN         NaN     NaN     NaN
...               ...        ...    ...       ...         ...     ...     ...
2025-12-24  Wednesday          1    1.0       1.0         1.0     4.0     4.0
2025-12-26     Friday         33    5.0      33.0        33.0     3.0     3.0
2025-12-29     Monday         32    4.0      32.0        32.0     2.0     2.0
2025-12-30    Tuesday         31    3.0      31.0        31.0     1.0     1.0
2025-12-31  Wednesday         30    2.0      30.0        30.0     5.0    28.0

[2220 rows x 7 columns]",FALSE,09:46:00,78710.04,79100CE,190.9,False,,40.86,,,False,,False,,0.0,,,False,,False,,0.0,78500PE,194.25,True,10:01:00,-21.85,78300PE,184.65,True,10:03:00,True,10:05:00,-18.7,78300PE,200.1,True,11:15:00,True,11:16:00,-20.26,-19.950000000000003
