Date,Day,DTE,Expiry.Day,Time,Future,ce_scrip,ce_price,ce_sl,ce_sl_time,ce_pnl,pe_scrip,pe_price,pe_sl,pe_sl_time,pe_pnl,Total PNL
2024-01-05,Friday,"                  Day  BANKNIFTY  NIFTY  FINNIFTY  MIDCPNIFTY  SENSEX  BANKEX
Date                                                                         
2017-01-02     Monday          4    NaN       NaN         NaN     NaN     NaN
2017-01-03    Tuesday          3    NaN       NaN         NaN     NaN     NaN
2017-01-04  Wednesday          2    NaN       NaN         NaN     NaN     NaN
2017-01-05   Thursday          1    NaN       NaN         NaN     NaN     NaN
2017-01-06     Friday          5    NaN       NaN         NaN     NaN     NaN
...               ...        ...    ...       ...         ...     ...     ...
2025-12-24  Wednesday          1    1.0       1.0         1.0     4.0     4.0
2025-12-26     Friday         33    5.0      33.0        33.0     3.0     3.0
2025-12-29     Monday         32    4.0      32.0        32.0     2.0     2.0
2025-12-30    Tuesday         31    3.0      31.0        31.0     1.0     1.0
2025-12-31  Wednesday         30    2.0      30.0        30.0     5.0    28.0

[2220 rows x 7 columns]",FALSE,09:24:00,21798.9,21850CE,68.5,False,,14.52,21600PE,63.05,True,10:47:00,-10.09,4.43
2024-01-12,Friday,"                  Day  BANKNIFTY  NIFTY  FINNIFTY  MIDCPNIFTY  SENSEX  BANKEX
Date                                                                         
2017-01-02     Monday          4    NaN       NaN         NaN     NaN     NaN
2017-01-03    Tuesday          3    NaN       NaN         NaN     NaN     NaN
2017-01-04  Wednesday          2    NaN       NaN         NaN     NaN     NaN
2017-01-05   Thursday          1    NaN       NaN         NaN     NaN     NaN
2017-01-06     Friday          5    NaN       NaN         NaN     NaN     NaN
...               ...        ...    ...       ...         ...     ...     ...
2025-12-24  Wednesday          1    1.0       1.0         1.0     4.0     4.0
2025-12-26     Friday         33    5.0      33.0        33.0     3.0     3.0
2025-12-29     Monday         32    4.0      32.0        32.0     2.0     2.0
2025-12-30    Tuesday         31    3.0      31.0        31.0     1.0     1.0
2025-12-31  Wednesday         30    2.0      30.0        30.0     5.0    28.0

[2220 rows x 7 columns]",FALSE,09:24:00,21762.45,21900CE,60.45,True,09:54:00,-9.67,21550PE,55.5,False,,26.54,16.869999999999997
2024-01-19,Friday,"                  Day  BANKNIFTY  NIFTY  FINNIFTY  MIDCPNIFTY  SENSEX  BANKEX
Date                                                                         
2017-01-02     Monday          4    NaN       NaN         NaN     NaN     NaN
2017-01-03    Tuesday          3    NaN       NaN         NaN     NaN     NaN
2017-01-04  Wednesday          2    NaN       NaN         NaN     NaN     NaN
2017-01-05   Thursday          1    NaN       NaN         NaN     NaN     NaN
2017-01-06     Friday          5    NaN       NaN         NaN     NaN     NaN
...               ...        ...    ...       ...         ...     ...     ...
2025-12-24  Wednesday          1    1.0       1.0         1.0     4.0     4.0
2025-12-26     Friday         33    5.0      33.0        33.0     3.0     3.0
2025-12-29     Monday         32    4.0      32.0        32.0     2.0     2.0
2025-12-30    Tuesday         31    3.0      31.0        31.0     1.0     1.0
2025-12-31  Wednesday         30    2.0      30.0        30.0     5.0    28.0

[2220 rows x 7 columns]",FALSE,09:24:00,21664.9,21900CE,66.55,False,,6.03,21400PE,61.25,True,09:45:00,-9.8,-3.7700000000000005
2024-02-02,Friday,"                  Day  BANKNIFTY  NIFTY  FINNIFTY  MIDCPNIFTY  SENSEX  BANKEX
Date                                                                         
2017-01-02     Monday          4    NaN       NaN         NaN     NaN     NaN
2017-01-03    Tuesday          3    NaN       NaN         NaN     NaN     NaN
2017-01-04  Wednesday          2    NaN       NaN         NaN     NaN     NaN
2017-01-05   Thursday          1    NaN       NaN         NaN     NaN     NaN
2017-01-06     Friday          5    NaN       NaN         NaN     NaN     NaN
...               ...        ...    ...       ...         ...     ...     ...
2025-12-24  Wednesday          1    1.0       1.0         1.0     4.0     4.0
2025-12-26     Friday         33    5.0      33.0        33.0     3.0     3.0
2025-12-29     Monday         32    4.0      32.0        32.0     2.0     2.0
2025-12-30    Tuesday         31    3.0      31.0        31.0     1.0     1.0
2025-12-31  Wednesday         30    2.0      30.0        30.0     5.0    28.0

[2220 rows x 7 columns]",FALSE,09:24:00,22023.0,22250CE,59.1,True,11:13:00,-9.46,21700PE,63.2,True,12:35:00,-10.11,-19.57
2024-02-09,Friday,"                  Day  BANKNIFTY  NIFTY  FINNIFTY  MIDCPNIFTY  SENSEX  BANKEX
Date                                                                         
2017-01-02     Monday          4    NaN       NaN         NaN     NaN     NaN
2017-01-03    Tuesday          3    NaN       NaN         NaN     NaN     NaN
2017-01-04  Wednesday          2    NaN       NaN         NaN     NaN     NaN
2017-01-05   Thursday          1    NaN       NaN         NaN     NaN     NaN
2017-01-06     Friday          5    NaN       NaN         NaN     NaN     NaN
...               ...        ...    ...       ...         ...     ...     ...
2025-12-24  Wednesday          1    1.0       1.0         1.0     4.0     4.0
2025-12-26     Friday         33    5.0      33.0        33.0     3.0     3.0
2025-12-29     Monday         32    4.0      32.0        32.0     2.0     2.0
2025-12-30    Tuesday         31    3.0      31.0        31.0     1.0     1.0
2025-12-31  Wednesday         30    2.0      30.0        30.0     5.0    28.0

[2220 rows x 7 columns]",FALSE,09:24:00,21825.4,22100CE,57.75,False,,17.12,21400PE,53.35,True,09:40:00,-8.54,8.580000000000002
2024-02-16,Friday,"                  Day  BANKNIFTY  NIFTY  FINNIFTY  MIDCPNIFTY  SENSEX  BANKEX
Date                                                                         
2017-01-02     Monday          4    NaN       NaN         NaN     NaN     NaN
2017-01-03    Tuesday          3    NaN       NaN         NaN     NaN     NaN
2017-01-04  Wednesday          2    NaN       NaN         NaN     NaN     NaN
2017-01-05   Thursday          1    NaN       NaN         NaN     NaN     NaN
2017-01-06     Friday          5    NaN       NaN         NaN     NaN     NaN
...               ...        ...    ...       ...         ...     ...     ...
2025-12-24  Wednesday          1    1.0       1.0         1.0     4.0     4.0
2025-12-26     Friday         33    5.0      33.0        33.0     3.0     3.0
2025-12-29     Monday         32    4.0      32.0        32.0     2.0     2.0
2025-12-30    Tuesday         31    3.0      31.0        31.0     1.0     1.0
2025-12-31  Wednesday         30    2.0      30.0        30.0     5.0    28.0

[2220 rows x 7 columns]",FALSE,09:24:00,22058.0,22250CE,64.85,True,09:40:00,-10.38,21750PE,65.3,False,,7.65,-2.7300000000000004
2024-02-23,Friday,"                  Day  BANKNIFTY  NIFTY  FINNIFTY  MIDCPNIFTY  SENSEX  BANKEX
Date                                                                         
2017-01-02     Monday          4    NaN       NaN         NaN     NaN     NaN
2017-01-03    Tuesday          3    NaN       NaN         NaN     NaN     NaN
2017-01-04  Wednesday          2    NaN       NaN         NaN     NaN     NaN
2017-01-05   Thursday          1    NaN       NaN         NaN     NaN     NaN
2017-01-06     Friday          5    NaN       NaN         NaN     NaN     NaN
...               ...        ...    ...       ...         ...     ...     ...
2025-12-24  Wednesday          1    1.0       1.0         1.0     4.0     4.0
2025-12-26     Friday         33    5.0      33.0        33.0     3.0     3.0
2025-12-29     Monday         32    4.0      32.0        32.0     2.0     2.0
2025-12-30    Tuesday         31    3.0      31.0        31.0     1.0     1.0
2025-12-31  Wednesday         30    2.0      30.0        30.0     5.0    28.0

[2220 rows x 7 columns]",FALSE,09:24:00,22270.0,22500CE,67.4,True,10:20:00,-10.78,22000PE,67.1,True,09:34:00,-10.74,-21.52
2024-03-01,Friday,"                  Day  BANKNIFTY  NIFTY  FINNIFTY  MIDCPNIFTY  SENSEX  BANKEX
Date                                                                         
2017-01-02     Monday          4    NaN       NaN         NaN     NaN     NaN
2017-01-03    Tuesday          3    NaN       NaN         NaN     NaN     NaN
2017-01-04  Wednesday          2    NaN       NaN         NaN     NaN     NaN
2017-01-05   Thursday          1    NaN       NaN         NaN     NaN     NaN
2017-01-06     Friday          5    NaN       NaN         NaN     NaN     NaN
...               ...        ...    ...       ...         ...     ...     ...
2025-12-24  Wednesday          1    1.0       1.0         1.0     4.0     4.0
2025-12-26     Friday         33    5.0      33.0        33.0     3.0     3.0
2025-12-29     Monday         32    4.0      32.0        32.0     2.0     2.0
2025-12-30    Tuesday         31    3.0      31.0        31.0     1.0     1.0
2025-12-31  Wednesday         30    2.0      30.0        30.0     5.0    28.0

[2220 rows x 7 columns]",FALSE,09:24:00,22247.9,22400CE,65.15,True,09:43:00,-10.42,21850PE,60.15,False,,27.35,16.93
2024-03-15,Friday,"                  Day  BANKNIFTY  NIFTY  FINNIFTY  MIDCPNIFTY  SENSEX  BANKEX
Date                                                                         
2017-01-02     Monday          4    NaN       NaN         NaN     NaN     NaN
2017-01-03    Tuesday          3    NaN       NaN         NaN     NaN     NaN
2017-01-04  Wednesday          2    NaN       NaN         NaN     NaN     NaN
2017-01-05   Thursday          1    NaN       NaN         NaN     NaN     NaN
2017-01-06     Friday          5    NaN       NaN         NaN     NaN     NaN
...               ...        ...    ...       ...         ...     ...     ...
2025-12-24  Wednesday          1    1.0       1.0         1.0     4.0     4.0
2025-12-26     Friday         33    5.0      33.0        33.0     3.0     3.0
2025-12-29     Monday         32    4.0      32.0        32.0     2.0     2.0
2025-12-30    Tuesday         31    3.0      31.0        31.0     1.0     1.0
2025-12-31  Wednesday         30    2.0      30.0        30.0     5.0    28.0

[2220 rows x 7 columns]",FALSE,09:24:00,22179.95,22350CE,65.0,False,,23.6,21900PE,70.3,True,09:34:00,-11.25,12.350000000000001
2024-04-19,Friday,"                  Day  BANKNIFTY  NIFTY  FINNIFTY  MIDCPNIFTY  SENSEX  BANKEX
Date                                                                         
2017-01-02     Monday          4    NaN       NaN         NaN     NaN     NaN
2017-01-03    Tuesday          3    NaN       NaN         NaN     NaN     NaN
2017-01-04  Wednesday          2    NaN       NaN         NaN     NaN     NaN
2017-01-05   Thursday          1    NaN       NaN         NaN     NaN     NaN
2017-01-06     Friday          5    NaN       NaN         NaN     NaN     NaN
...               ...        ...    ...       ...         ...     ...     ...
2025-12-24  Wednesday          1    1.0       1.0         1.0     4.0     4.0
2025-12-26     Friday         33    5.0      33.0        33.0     3.0     3.0
2025-12-29     Monday         32    4.0      32.0        32.0     2.0     2.0
2025-12-30    Tuesday         31    3.0      31.0        31.0     1.0     1.0
2025-12-31  Wednesday         30    2.0      30.0        30.0     5.0    28.0

[2220 rows x 7 columns]",FALSE,09:24:00,21880.0,22200CE,53.65,True,12:18:00,-8.58,21400PE,52.0,False,,27.18,18.6
2024-05-03,Friday,"                  Day  BANKNIFTY  NIFTY  FINNIFTY  MIDCPNIFTY  SENSEX  BANKEX
Date                                                                         
2017-01-02     Monday          4    NaN       NaN         NaN     NaN     NaN
2017-01-03    Tuesday          3    NaN       NaN         NaN     NaN     NaN
2017-01-04  Wednesday          2    NaN       NaN         NaN     NaN     NaN
2017-01-05   Thursday          1    NaN       NaN         NaN     NaN     NaN
2017-01-06     Friday          5    NaN       NaN         NaN     NaN     NaN
...               ...        ...    ...       ...         ...     ...     ...
2025-12-24  Wednesday          1    1.0       1.0         1.0     4.0     4.0
2025-12-26     Friday         33    5.0      33.0        33.0     3.0     3.0
2025-12-29     Monday         32    4.0      32.0        32.0     2.0     2.0
2025-12-30    Tuesday         31    3.0      31.0        31.0     1.0     1.0
2025-12-31  Wednesday         30    2.0      30.0        30.0     5.0    28.0

[2220 rows x 7 columns]",FALSE,09:24:00,22876.05,22950CE,71.25,False,,50.74,22650PE,74.2,True,10:05:00,-11.87,38.870000000000005
2024-05-10,Friday,"                  Day  BANKNIFTY  NIFTY  FINNIFTY  MIDCPNIFTY  SENSEX  BANKEX
Date                                                                         
2017-01-02     Monday          4    NaN       NaN         NaN     NaN     NaN
2017-01-03    Tuesday          3    NaN       NaN         NaN     NaN     NaN
2017-01-04  Wednesday          2    NaN       NaN         NaN     NaN     NaN
2017-01-05   Thursday          1    NaN       NaN         NaN     NaN     NaN
2017-01-06     Friday          5    NaN       NaN         NaN     NaN     NaN
...               ...        ...    ...       ...         ...     ...     ...
2025-12-24  Wednesday          1    1.0       1.0         1.0     4.0     4.0
2025-12-26     Friday         33    5.0      33.0        33.0     3.0     3.0
2025-12-29     Monday         32    4.0      32.0        32.0     2.0     2.0
2025-12-30    Tuesday         31    3.0      31.0        31.0     1.0     1.0
2025-12-31  Wednesday         30    2.0      30.0        30.0     5.0    28.0

[2220 rows x 7 columns]",FALSE,09:24:00,22122.0,22350CE,56.85,True,09:45:00,-9.1,21700PE,56.15,False,,17.74,8.639999999999999
2024-05-24,Friday,"                  Day  BANKNIFTY  NIFTY  FINNIFTY  MIDCPNIFTY  SENSEX  BANKEX
Date                                                                         
2017-01-02     Monday          4    NaN       NaN         NaN     NaN     NaN
2017-01-03    Tuesday          3    NaN       NaN         NaN     NaN     NaN
2017-01-04  Wednesday          2    NaN       NaN         NaN     NaN     NaN
2017-01-05   Thursday          1    NaN       NaN         NaN     NaN     NaN
2017-01-06     Friday          5    NaN       NaN         NaN     NaN     NaN
...               ...        ...    ...       ...         ...     ...     ...
2025-12-24  Wednesday          1    1.0       1.0         1.0     4.0     4.0
2025-12-26     Friday         33    5.0      33.0        33.0     3.0     3.0
2025-12-29     Monday         32    4.0      32.0        32.0     2.0     2.0
2025-12-30    Tuesday         31    3.0      31.0        31.0     1.0     1.0
2025-12-31  Wednesday         30    2.0      30.0        30.0     5.0    28.0

[2220 rows x 7 columns]",FALSE,09:24:00,23010.0,23300CE,58.35,True,09:28:00,-9.34,22650PE,60.8,False,,15.99,6.65
2024-05-31,Friday,"                  Day  BANKNIFTY  NIFTY  FINNIFTY  MIDCPNIFTY  SENSEX  BANKEX
Date                                                                         
2017-01-02     Monday          4    NaN       NaN         NaN     NaN     NaN
2017-01-03    Tuesday          3    NaN       NaN         NaN     NaN     NaN
2017-01-04  Wednesday          2    NaN       NaN         NaN     NaN     NaN
2017-01-05   Thursday          1    NaN       NaN         NaN     NaN     NaN
2017-01-06     Friday          5    NaN       NaN         NaN     NaN     NaN
...               ...        ...    ...       ...         ...     ...     ...
2025-12-24  Wednesday          1    1.0       1.0         1.0     4.0     4.0
2025-12-26     Friday         33    5.0      33.0        33.0     3.0     3.0
2025-12-29     Monday         32    4.0      32.0        32.0     2.0     2.0
2025-12-30    Tuesday         31    3.0      31.0        31.0     1.0     1.0
2025-12-31  Wednesday         30    2.0      30.0        30.0     5.0    28.0

[2220 rows x 7 columns]",FALSE,09:24:00,22730.25,23950CE,62.2,False,,-8.42,21250PE,60.3,True,14:30:00,-9.65,-18.07
2024-06-07,Friday,"                  Day  BANKNIFTY  NIFTY  FINNIFTY  MIDCPNIFTY  SENSEX  BANKEX
Date                                                                         
2017-01-02     Monday          4    NaN       NaN         NaN     NaN     NaN
2017-01-03    Tuesday          3    NaN       NaN         NaN     NaN     NaN
2017-01-04  Wednesday          2    NaN       NaN         NaN     NaN     NaN
2017-01-05   Thursday          1    NaN       NaN         NaN     NaN     NaN
2017-01-06     Friday          5    NaN       NaN         NaN     NaN     NaN
...               ...        ...    ...       ...         ...     ...     ...
2025-12-24  Wednesday          1    1.0       1.0         1.0     4.0     4.0
2025-12-26     Friday         33    5.0      33.0        33.0     3.0     3.0
2025-12-29     Monday         32    4.0      32.0        32.0     2.0     2.0
2025-12-30    Tuesday         31    3.0      31.0        31.0     1.0     1.0
2025-12-31  Wednesday         30    2.0      30.0        30.0     5.0    28.0

[2220 rows x 7 columns]",FALSE,09:24:00,22958.1,23450CE,55.35,True,10:39:00,-8.86,22300PE,56.65,False,,35.48,26.619999999999997
2024-06-21,Friday,"                  Day  BANKNIFTY  NIFTY  FINNIFTY  MIDCPNIFTY  SENSEX  BANKEX
Date                                                                         
2017-01-02     Monday          4    NaN       NaN         NaN     NaN     NaN
2017-01-03    Tuesday          3    NaN       NaN         NaN     NaN     NaN
2017-01-04  Wednesday          2    NaN       NaN         NaN     NaN     NaN
2017-01-05   Thursday          1    NaN       NaN         NaN     NaN     NaN
2017-01-06     Friday          5    NaN       NaN         NaN     NaN     NaN
...               ...        ...    ...       ...         ...     ...     ...
2025-12-24  Wednesday          1    1.0       1.0         1.0     4.0     4.0
2025-12-26     Friday         33    5.0      33.0        33.0     3.0     3.0
2025-12-29     Monday         32    4.0      32.0        32.0     2.0     2.0
2025-12-30    Tuesday         31    3.0      31.0        31.0     1.0     1.0
2025-12-31  Wednesday         30    2.0      30.0        30.0     5.0    28.0

[2220 rows x 7 columns]",FALSE,09:24:00,23599.95,23750CE,71.6,False,,36.08,23400PE,66.85,True,10:45:00,-10.7,25.38
2024-06-28,Friday,"                  Day  BANKNIFTY  NIFTY  FINNIFTY  MIDCPNIFTY  SENSEX  BANKEX
Date                                                                         
2017-01-02     Monday          4    NaN       NaN         NaN     NaN     NaN
2017-01-03    Tuesday          3    NaN       NaN         NaN     NaN     NaN
2017-01-04  Wednesday          2    NaN       NaN         NaN     NaN     NaN
2017-01-05   Thursday          1    NaN       NaN         NaN     NaN     NaN
2017-01-06     Friday          5    NaN       NaN         NaN     NaN     NaN
...               ...        ...    ...       ...         ...     ...     ...
2025-12-24  Wednesday          1    1.0       1.0         1.0     4.0     4.0
2025-12-26     Friday         33    5.0      33.0        33.0     3.0     3.0
2025-12-29     Monday         32    4.0      32.0        32.0     2.0     2.0
2025-12-30    Tuesday         31    3.0      31.0        31.0     1.0     1.0
2025-12-31  Wednesday         30    2.0      30.0        30.0     5.0    28.0

[2220 rows x 7 columns]",FALSE,09:24:00,24180.0,24350CE,64.05,True,09:38:00,-10.25,23800PE,63.15,True,12:50:00,-10.1,-20.35
2024-07-05,Friday,"                  Day  BANKNIFTY  NIFTY  FINNIFTY  MIDCPNIFTY  SENSEX  BANKEX
Date                                                                         
2017-01-02     Monday          4    NaN       NaN         NaN     NaN     NaN
2017-01-03    Tuesday          3    NaN       NaN         NaN     NaN     NaN
2017-01-04  Wednesday          2    NaN       NaN         NaN     NaN     NaN
2017-01-05   Thursday          1    NaN       NaN         NaN     NaN     NaN
2017-01-06     Friday          5    NaN       NaN         NaN     NaN     NaN
...               ...        ...    ...       ...         ...     ...     ...
2025-12-24  Wednesday          1    1.0       1.0         1.0     4.0     4.0
2025-12-26     Friday         33    5.0      33.0        33.0     3.0     3.0
2025-12-29     Monday         32    4.0      32.0        32.0     2.0     2.0
2025-12-30    Tuesday         31    3.0      31.0        31.0     1.0     1.0
2025-12-31  Wednesday         30    2.0      30.0        30.0     5.0    28.0

[2220 rows x 7 columns]",FALSE,09:24:00,24278.15,24350CE,78.0,True,10:26:00,-12.48,24050PE,69.55,False,,35.1,22.62
2024-07-19,Friday,"                  Day  BANKNIFTY  NIFTY  FINNIFTY  MIDCPNIFTY  SENSEX  BANKEX
Date                                                                         
2017-01-02     Monday          4    NaN       NaN         NaN     NaN     NaN
2017-01-03    Tuesday          3    NaN       NaN         NaN     NaN     NaN
2017-01-04  Wednesday          2    NaN       NaN         NaN     NaN     NaN
2017-01-05   Thursday          1    NaN       NaN         NaN     NaN     NaN
2017-01-06     Friday          5    NaN       NaN         NaN     NaN     NaN
...               ...        ...    ...       ...         ...     ...     ...
2025-12-24  Wednesday          1    1.0       1.0         1.0     4.0     4.0
2025-12-26     Friday         33    5.0      33.0        33.0     3.0     3.0
2025-12-29     Monday         32    4.0      32.0        32.0     2.0     2.0
2025-12-30    Tuesday         31    3.0      31.0        31.0     1.0     1.0
2025-12-31  Wednesday         30    2.0      30.0        30.0     5.0    28.0

[2220 rows x 7 columns]",FALSE,09:24:00,24772.25,25200CE,63.25,False,,26.22,24200PE,60.05,True,10:07:00,-9.61,16.61
2024-07-26,Friday,"                  Day  BANKNIFTY  NIFTY  FINNIFTY  MIDCPNIFTY  SENSEX  BANKEX
Date                                                                         
2017-01-02     Monday          4    NaN       NaN         NaN     NaN     NaN
2017-01-03    Tuesday          3    NaN       NaN         NaN     NaN     NaN
2017-01-04  Wednesday          2    NaN       NaN         NaN     NaN     NaN
2017-01-05   Thursday          1    NaN       NaN         NaN     NaN     NaN
2017-01-06     Friday          5    NaN       NaN         NaN     NaN     NaN
...               ...        ...    ...       ...         ...     ...     ...
2025-12-24  Wednesday          1    1.0       1.0         1.0     4.0     4.0
2025-12-26     Friday         33    5.0      33.0        33.0     3.0     3.0
2025-12-29     Monday         32    4.0      32.0        32.0     2.0     2.0
2025-12-30    Tuesday         31    3.0      31.0        31.0     1.0     1.0
2025-12-31  Wednesday         30    2.0      30.0        30.0     5.0    28.0

[2220 rows x 7 columns]",FALSE,09:24:00,24515.0,24650CE,67.1,True,09:36:00,-10.74,24250PE,68.2,False,,52.17,41.43
2024-08-02,Friday,"                  Day  BANKNIFTY  NIFTY  FINNIFTY  MIDCPNIFTY  SENSEX  BANKEX
Date                                                                         
2017-01-02     Monday          4    NaN       NaN         NaN     NaN     NaN
2017-01-03    Tuesday          3    NaN       NaN         NaN     NaN     NaN
2017-01-04  Wednesday          2    NaN       NaN         NaN     NaN     NaN
2017-01-05   Thursday          1    NaN       NaN         NaN     NaN     NaN
2017-01-06     Friday          5    NaN       NaN         NaN     NaN     NaN
...               ...        ...    ...       ...         ...     ...     ...
2025-12-24  Wednesday          1    1.0       1.0         1.0     4.0     4.0
2025-12-26     Friday         33    5.0      33.0        33.0     3.0     3.0
2025-12-29     Monday         32    4.0      32.0        32.0     2.0     2.0
2025-12-30    Tuesday         31    3.0      31.0        31.0     1.0     1.0
2025-12-31  Wednesday         30    2.0      30.0        30.0     5.0    28.0

[2220 rows x 7 columns]",FALSE,09:24:00,24858.75,25050CE,62.35,False,,29.48,24550PE,61.85,True,09:39:00,-9.9,19.58
2024-08-16,Friday,"                  Day  BANKNIFTY  NIFTY  FINNIFTY  MIDCPNIFTY  SENSEX  BANKEX
Date                                                                         
2017-01-02     Monday          4    NaN       NaN         NaN     NaN     NaN
2017-01-03    Tuesday          3    NaN       NaN         NaN     NaN     NaN
2017-01-04  Wednesday          2    NaN       NaN         NaN     NaN     NaN
2017-01-05   Thursday          1    NaN       NaN         NaN     NaN     NaN
2017-01-06     Friday          5    NaN       NaN         NaN     NaN     NaN
...               ...        ...    ...       ...         ...     ...     ...
2025-12-24  Wednesday          1    1.0       1.0         1.0     4.0     4.0
2025-12-26     Friday         33    5.0      33.0        33.0     3.0     3.0
2025-12-29     Monday         32    4.0      32.0        32.0     2.0     2.0
2025-12-30    Tuesday         31    3.0      31.0        31.0     1.0     1.0
2025-12-31  Wednesday         30    2.0      30.0        30.0     5.0    28.0

[2220 rows x 7 columns]",FALSE,09:24:00,24420.5,24600CE,69.6,True,13:02:00,-11.14,24200PE,70.15,True,09:40:00,-11.22,-22.36
2024-08-23,Friday,"                  Day  BANKNIFTY  NIFTY  FINNIFTY  MIDCPNIFTY  SENSEX  BANKEX
Date                                                                         
2017-01-02     Monday          4    NaN       NaN         NaN     NaN     NaN
2017-01-03    Tuesday          3    NaN       NaN         NaN     NaN     NaN
2017-01-04  Wednesday          2    NaN       NaN         NaN     NaN     NaN
2017-01-05   Thursday          1    NaN       NaN         NaN     NaN     NaN
2017-01-06     Friday          5    NaN       NaN         NaN     NaN     NaN
...               ...        ...    ...       ...         ...     ...     ...
2025-12-24  Wednesday          1    1.0       1.0         1.0     4.0     4.0
2025-12-26     Friday         33    5.0      33.0        33.0     3.0     3.0
2025-12-29     Monday         32    4.0      32.0        32.0     2.0     2.0
2025-12-30    Tuesday         31    3.0      31.0        31.0     1.0     1.0
2025-12-31  Wednesday         30    2.0      30.0        30.0     5.0    28.0

[2220 rows x 7 columns]",FALSE,09:24:00,24850.0,25000CE,70.75,False,,0.24,24700PE,74.45,True,09:37:00,-11.91,-11.67
2024-08-30,Friday,"                  Day  BANKNIFTY  NIFTY  FINNIFTY  MIDCPNIFTY  SENSEX  BANKEX
Date                                                                         
2017-01-02     Monday          4    NaN       NaN         NaN     NaN     NaN
2017-01-03    Tuesday          3    NaN       NaN         NaN     NaN     NaN
2017-01-04  Wednesday          2    NaN       NaN         NaN     NaN     NaN
2017-01-05   Thursday          1    NaN       NaN         NaN     NaN     NaN
2017-01-06     Friday          5    NaN       NaN         NaN     NaN     NaN
...               ...        ...    ...       ...         ...     ...     ...
2025-12-24  Wednesday          1    1.0       1.0         1.0     4.0     4.0
2025-12-26     Friday         33    5.0      33.0        33.0     3.0     3.0
2025-12-29     Monday         32    4.0      32.0        32.0     2.0     2.0
2025-12-30    Tuesday         31    3.0      31.0        31.0     1.0     1.0
2025-12-31  Wednesday         30    2.0      30.0        30.0     5.0    28.0

[2220 rows x 7 columns]",FALSE,09:24:00,25320.0,25400CE,72.5,True,09:27:00,-11.6,25100PE,73.2,True,10:02:00,-11.71,-23.310000000000002
2024-09-06,Friday,"                  Day  BANKNIFTY  NIFTY  FINNIFTY  MIDCPNIFTY  SENSEX  BANKEX
Date                                                                         
2017-01-02     Monday          4    NaN       NaN         NaN     NaN     NaN
2017-01-03    Tuesday          3    NaN       NaN         NaN     NaN     NaN
2017-01-04  Wednesday          2    NaN       NaN         NaN     NaN     NaN
2017-01-05   Thursday          1    NaN       NaN         NaN     NaN     NaN
2017-01-06     Friday          5    NaN       NaN         NaN     NaN     NaN
...               ...        ...    ...       ...         ...     ...     ...
2025-12-24  Wednesday          1    1.0       1.0         1.0     4.0     4.0
2025-12-26     Friday         33    5.0      33.0        33.0     3.0     3.0
2025-12-29     Monday         32    4.0      32.0        32.0     2.0     2.0
2025-12-30    Tuesday         31    3.0      31.0        31.0     1.0     1.0
2025-12-31  Wednesday         30    2.0      30.0        30.0     5.0    28.0

[2220 rows x 7 columns]",FALSE,09:24:00,25157.25,25250CE,72.1,True,09:28:00,-11.54,24950PE,74.3,True,09:37:00,-11.89,-23.43
2024-09-13,Friday,"                  Day  BANKNIFTY  NIFTY  FINNIFTY  MIDCPNIFTY  SENSEX  BANKEX
Date                                                                         
2017-01-02     Monday          4    NaN       NaN         NaN     NaN     NaN
2017-01-03    Tuesday          3    NaN       NaN         NaN     NaN     NaN
2017-01-04  Wednesday          2    NaN       NaN         NaN     NaN     NaN
2017-01-05   Thursday          1    NaN       NaN         NaN     NaN     NaN
2017-01-06     Friday          5    NaN       NaN         NaN     NaN     NaN
...               ...        ...    ...       ...         ...     ...     ...
2025-12-24  Wednesday          1    1.0       1.0         1.0     4.0     4.0
2025-12-26     Friday         33    5.0      33.0        33.0     3.0     3.0
2025-12-29     Monday         32    4.0      32.0        32.0     2.0     2.0
2025-12-30    Tuesday         31    3.0      31.0        31.0     1.0     1.0
2025-12-31  Wednesday         30    2.0      30.0        30.0     5.0    28.0

[2220 rows x 7 columns]",FALSE,09:24:00,25356.65,25500CE,69.85,True,10:40:00,-11.18,25100PE,65.9,True,09:32:00,-10.54,-21.72
2024-09-20,Friday,"                  Day  BANKNIFTY  NIFTY  FINNIFTY  MIDCPNIFTY  SENSEX  BANKEX
Date                                                                         
2017-01-02     Monday          4    NaN       NaN         NaN     NaN     NaN
2017-01-03    Tuesday          3    NaN       NaN         NaN     NaN     NaN
2017-01-04  Wednesday          2    NaN       NaN         NaN     NaN     NaN
2017-01-05   Thursday          1    NaN       NaN         NaN     NaN     NaN
2017-01-06     Friday          5    NaN       NaN         NaN     NaN     NaN
...               ...        ...    ...       ...         ...     ...     ...
2025-12-24  Wednesday          1    1.0       1.0         1.0     4.0     4.0
2025-12-26     Friday         33    5.0      33.0        33.0     3.0     3.0
2025-12-29     Monday         32    4.0      32.0        32.0     2.0     2.0
2025-12-30    Tuesday         31    3.0      31.0        31.0     1.0     1.0
2025-12-31  Wednesday         30    2.0      30.0        30.0     5.0    28.0

[2220 rows x 7 columns]",FALSE,09:24:00,25509.3,25700CE,68.85,True,09:55:00,-11.02,25200PE,65.9,True,09:36:00,-10.54,-21.56
2024-10-04,Friday,"                  Day  BANKNIFTY  NIFTY  FINNIFTY  MIDCPNIFTY  SENSEX  BANKEX
Date                                                                         
2017-01-02     Monday          4    NaN       NaN         NaN     NaN     NaN
2017-01-03    Tuesday          3    NaN       NaN         NaN     NaN     NaN
2017-01-04  Wednesday          2    NaN       NaN         NaN     NaN     NaN
2017-01-05   Thursday          1    NaN       NaN         NaN     NaN     NaN
2017-01-06     Friday          5    NaN       NaN         NaN     NaN     NaN
...               ...        ...    ...       ...         ...     ...     ...
2025-12-24  Wednesday          1    1.0       1.0         1.0     4.0     4.0
2025-12-26     Friday         33    5.0      33.0        33.0     3.0     3.0
2025-12-29     Monday         32    4.0      32.0        32.0     2.0     2.0
2025-12-30    Tuesday         31    3.0      31.0        31.0     1.0     1.0
2025-12-31  Wednesday         30    2.0      30.0        30.0     5.0    28.0

[2220 rows x 7 columns]",FALSE,09:24:00,25365.2,25500CE,72.6,True,09:34:00,-11.62,24750PE,71.65,True,09:32:00,-11.46,-23.08
2024-10-11,Friday,"                  Day  BANKNIFTY  NIFTY  FINNIFTY  MIDCPNIFTY  SENSEX  BANKEX
Date                                                                         
2017-01-02     Monday          4    NaN       NaN         NaN     NaN     NaN
2017-01-03    Tuesday          3    NaN       NaN         NaN     NaN     NaN
2017-01-04  Wednesday          2    NaN       NaN         NaN     NaN     NaN
2017-01-05   Thursday          1    NaN       NaN         NaN     NaN     NaN
2017-01-06     Friday          5    NaN       NaN         NaN     NaN     NaN
...               ...        ...    ...       ...         ...     ...     ...
2025-12-24  Wednesday          1    1.0       1.0         1.0     4.0     4.0
2025-12-26     Friday         33    5.0      33.0        33.0     3.0     3.0
2025-12-29     Monday         32    4.0      32.0        32.0     2.0     2.0
2025-12-30    Tuesday         31    3.0      31.0        31.0     1.0     1.0
2025-12-31  Wednesday         30    2.0      30.0        30.0     5.0    28.0

[2220 rows x 7 columns]",FALSE,09:24:00,25089.0,25200CE,75.4,True,09:51:00,-12.06,24750PE,78.45,True,11:25:00,-12.55,-24.61
2024-10-18,Friday,"                  Day  BANKNIFTY  NIFTY  FINNIFTY  MIDCPNIFTY  SENSEX  BANKEX
Date                                                                         
2017-01-02     Monday          4    NaN       NaN         NaN     NaN     NaN
2017-01-03    Tuesday          3    NaN       NaN         NaN     NaN     NaN
2017-01-04  Wednesday          2    NaN       NaN         NaN     NaN     NaN
2017-01-05   Thursday          1    NaN       NaN         NaN     NaN     NaN
2017-01-06     Friday          5    NaN       NaN         NaN     NaN     NaN
...               ...        ...    ...       ...         ...     ...     ...
2025-12-24  Wednesday          1    1.0       1.0         1.0     4.0     4.0
2025-12-26     Friday         33    5.0      33.0        33.0     3.0     3.0
2025-12-29     Monday         32    4.0      32.0        32.0     2.0     2.0
2025-12-30    Tuesday         31    3.0      31.0        31.0     1.0     1.0
2025-12-31  Wednesday         30    2.0      30.0        30.0     5.0    28.0

[2220 rows x 7 columns]",FALSE,09:24:00,24656.5,24900CE,60.35,True,09:31:00,-9.66,24250PE,65.6,False,,50.39,40.730000000000004
2024-10-25,Friday,"                  Day  BANKNIFTY  NIFTY  FINNIFTY  MIDCPNIFTY  SENSEX  BANKEX
Date                                                                         
2017-01-02     Monday          4    NaN       NaN         NaN     NaN     NaN
2017-01-03    Tuesday          3    NaN       NaN         NaN     NaN     NaN
2017-01-04  Wednesday          2    NaN       NaN         NaN     NaN     NaN
2017-01-05   Thursday          1    NaN       NaN         NaN     NaN     NaN
2017-01-06     Friday          5    NaN       NaN         NaN     NaN     NaN
...               ...        ...    ...       ...         ...     ...     ...
2025-12-24  Wednesday          1    1.0       1.0         1.0     4.0     4.0
2025-12-26     Friday         33    5.0      33.0        33.0     3.0     3.0
2025-12-29     Monday         32    4.0      32.0        32.0     2.0     2.0
2025-12-30    Tuesday         31    3.0      31.0        31.0     1.0     1.0
2025-12-31  Wednesday         30    2.0      30.0        30.0     5.0    28.0

[2220 rows x 7 columns]",FALSE,09:24:00,24409.7,24600CE,73.3,False,,45.12,24150PE,71.1,True,09:38:00,-11.38,33.739999999999995
2024-11-08,Friday,"                  Day  BANKNIFTY  NIFTY  FINNIFTY  MIDCPNIFTY  SENSEX  BANKEX
Date                                                                         
2017-01-02     Monday          4    NaN       NaN         NaN     NaN     NaN
2017-01-03    Tuesday          3    NaN       NaN         NaN     NaN     NaN
2017-01-04  Wednesday          2    NaN       NaN         NaN     NaN     NaN
2017-01-05   Thursday          1    NaN       NaN         NaN     NaN     NaN
2017-01-06     Friday          5    NaN       NaN         NaN     NaN     NaN
...               ...        ...    ...       ...         ...     ...     ...
2025-12-24  Wednesday          1    1.0       1.0         1.0     4.0     4.0
2025-12-26     Friday         33    5.0      33.0        33.0     3.0     3.0
2025-12-29     Monday         32    4.0      32.0        32.0     2.0     2.0
2025-12-30    Tuesday         31    3.0      31.0        31.0     1.0     1.0
2025-12-31  Wednesday         30    2.0      30.0        30.0     5.0    28.0

[2220 rows x 7 columns]",FALSE,09:24:00,24184.45,24400CE,63.8,True,09:25:00,-10.21,23700PE,59.85,False,,27.95,17.74
2024-11-22,Friday,"                  Day  BANKNIFTY  NIFTY  FINNIFTY  MIDCPNIFTY  SENSEX  BANKEX
Date                                                                         
2017-01-02     Monday          4    NaN       NaN         NaN     NaN     NaN
2017-01-03    Tuesday          3    NaN       NaN         NaN     NaN     NaN
2017-01-04  Wednesday          2    NaN       NaN         NaN     NaN     NaN
2017-01-05   Thursday          1    NaN       NaN         NaN     NaN     NaN
2017-01-06     Friday          5    NaN       NaN         NaN     NaN     NaN
...               ...        ...    ...       ...         ...     ...     ...
2025-12-24  Wednesday          1    1.0       1.0         1.0     4.0     4.0
2025-12-26     Friday         33    5.0      33.0        33.0     3.0     3.0
2025-12-29     Monday         32    4.0      32.0        32.0     2.0     2.0
2025-12-30    Tuesday         31    3.0      31.0        31.0     1.0     1.0
2025-12-31  Wednesday         30    2.0      30.0        30.0     5.0    28.0

[2220 rows x 7 columns]",FALSE,09:24:00,23529.95,23800CE,66.15,True,09:29:00,-10.58,23150PE,65.85,True,09:39:00,-10.54,-21.119999999999997
2024-11-29,Friday,"                  Day  BANKNIFTY  NIFTY  FINNIFTY  MIDCPNIFTY  SENSEX  BANKEX
Date                                                                         
2017-01-02     Monday          4    NaN       NaN         NaN     NaN     NaN
2017-01-03    Tuesday          3    NaN       NaN         NaN     NaN     NaN
2017-01-04  Wednesday          2    NaN       NaN         NaN     NaN     NaN
2017-01-05   Thursday          1    NaN       NaN         NaN     NaN     NaN
2017-01-06     Friday          5    NaN       NaN         NaN     NaN     NaN
...               ...        ...    ...       ...         ...     ...     ...
2025-12-24  Wednesday          1    1.0       1.0         1.0     4.0     4.0
2025-12-26     Friday         33    5.0      33.0        33.0     3.0     3.0
2025-12-29     Monday         32    4.0      32.0        32.0     2.0     2.0
2025-12-30    Tuesday         31    3.0      31.0        31.0     1.0     1.0
2025-12-31  Wednesday         30    2.0      30.0        30.0     5.0    28.0

[2220 rows x 7 columns]",FALSE,09:24:00,24130.0,24350CE,63.45,True,09:27:00,-10.15,23600PE,59.75,False,,38.95,28.800000000000004
2024-12-06,Friday,"                  Day  BANKNIFTY  NIFTY  FINNIFTY  MIDCPNIFTY  SENSEX  BANKEX
Date                                                                         
2017-01-02     Monday          4    NaN       NaN         NaN     NaN     NaN
2017-01-03    Tuesday          3    NaN       NaN         NaN     NaN     NaN
2017-01-04  Wednesday          2    NaN       NaN         NaN     NaN     NaN
2017-01-05   Thursday          1    NaN       NaN         NaN     NaN     NaN
2017-01-06     Friday          5    NaN       NaN         NaN     NaN     NaN
...               ...        ...    ...       ...         ...     ...     ...
2025-12-24  Wednesday          1    1.0       1.0         1.0     4.0     4.0
2025-12-26     Friday         33    5.0      33.0        33.0     3.0     3.0
2025-12-29     Monday         32    4.0      32.0        32.0     2.0     2.0
2025-12-30    Tuesday         31    3.0      31.0        31.0     1.0     1.0
2025-12-31  Wednesday         30    2.0      30.0        30.0     5.0    28.0

[2220 rows x 7 columns]",FALSE,09:24:00,24807.25,25200CE,64.55,False,,36.75,24100PE,60.65,False,,32.59,69.34
2024-12-13,Friday,"                  Day  BANKNIFTY  NIFTY  FINNIFTY  MIDCPNIFTY  SENSEX  BANKEX
Date                                                                         
2017-01-02     Monday          4    NaN       NaN         NaN     NaN     NaN
2017-01-03    Tuesday          3    NaN       NaN         NaN     NaN     NaN
2017-01-04  Wednesday          2    NaN       NaN         NaN     NaN     NaN
2017-01-05   Thursday          1    NaN       NaN         NaN     NaN     NaN
2017-01-06     Friday          5    NaN       NaN         NaN     NaN     NaN
...               ...        ...    ...       ...         ...     ...     ...
2025-12-24  Wednesday          1    1.0       1.0         1.0     4.0     4.0
2025-12-26     Friday         33    5.0      33.0        33.0     3.0     3.0
2025-12-29     Monday         32    4.0      32.0        32.0     2.0     2.0
2025-12-30    Tuesday         31    3.0      31.0        31.0     1.0     1.0
2025-12-31  Wednesday         30    2.0      30.0        30.0     5.0    28.0

[2220 rows x 7 columns]",FALSE,09:24:00,24475.0,24700CE,73.2,True,11:55:00,-11.71,24150PE,76.8,True,10:10:00,-12.29,-24.0
2024-12-27,Friday,"                  Day  BANKNIFTY  NIFTY  FINNIFTY  MIDCPNIFTY  SENSEX  BANKEX
Date                                                                         
2017-01-02     Monday          4    NaN       NaN         NaN     NaN     NaN
2017-01-03    Tuesday          3    NaN       NaN         NaN     NaN     NaN
2017-01-04  Wednesday          2    NaN       NaN         NaN     NaN     NaN
2017-01-05   Thursday          1    NaN       NaN         NaN     NaN     NaN
2017-01-06     Friday          5    NaN       NaN         NaN     NaN     NaN
...               ...        ...    ...       ...         ...     ...     ...
2025-12-24  Wednesday          1    1.0       1.0         1.0     4.0     4.0
2025-12-26     Friday         33    5.0      33.0        33.0     3.0     3.0
2025-12-29     Monday         32    4.0      32.0        32.0     2.0     2.0
2025-12-30    Tuesday         31    3.0      31.0        31.0     1.0     1.0
2025-12-31  Wednesday         30    2.0      30.0        30.0     5.0    28.0

[2220 rows x 7 columns]",FALSE,09:24:00,23994.4,24150CE,65.2,True,09:56:00,-10.43,23550PE,67.25,False,,25.78,15.350000000000001
